"QB","RB","RB","WR","WR","WR","TE","FLEX","DEF","","Instructions"
"","","","","","","","","","","1) Create a lineup by inserting any player from this list into their appropriate position columns"
"","","","","","","","","","","2) You can paste either the Player ID + Name OR ID from their respective columns"
"","","","","","","","","","","3) Any information to the right of the last position column will be ignored in the upload"
"","","","","","","","","","","4) Maximum of 250 lineups per upload"
"","","","","","","","","",""
"","","","","","","","","","","Player ID + Player Name","Id","Position","First Name","Nickname","Last Name","FPPG","Played","Salary","Game","Team","Opponent","Injury Indicator","Injury Details","Tier","",""
"","","","","","","","","","","39577-55050:Christian McCaffrey","39577-55050","RB","Christian","Christian McCaffrey","McCaffrey","27.3000005086263","6","9600","CAR@SF","CAR","SF","","","","",""
"","","","","","","","","","","39577-22015:Russell Wilson","39577-22015","QB","Russell","Russell Wilson","Wilson","24.371429443359375","7","8600","SEA@ATL","SEA","ATL","","","","",""
"","","","","","","","","","","39577-64401:Saquon Barkley","39577-64401","RB","Saquon","Saquon Barkley","Barkley","14.524999618530273","4","8600","NYG@DET","NYG","DET","","","","",""
"","","","","","","","","","","39577-28573:Michael Thomas","39577-28573","WR","Michael","Michael Thomas","Thomas","17.900000435965403","7","8500","ARI@NO","NO","ARI","","","","",""
"","","","","","","","","","","39577-54879:Deshaun Watson","39577-54879","QB","Deshaun","Deshaun Watson","Watson","24.668570382254465","7","8400","OAK@HOU","HOU","OAK","","","","",""
"","","","","","","","","","","39577-16606:DeAndre Hopkins","39577-16606","WR","DeAndre","DeAndre Hopkins","Hopkins","13.471429007393974","7","8200","OAK@HOU","HOU","OAK","","","","",""
"","","","","","","","","","","39577-42104:Alvin Kamara","39577-42104","RB","Alvin","Alvin Kamara","Kamara","15.653333028157553","6","8100","ARI@NO","NO","ARI","Q","Ankle","","",""
"","","","","","","","","","","39577-55635:Chris Godwin","39577-55635","WR","Chris","Chris Godwin","Godwin","20.616666158040363","6","8100","TB@TEN","TB","TEN","","","","",""
"","","","","","","","","","","39577-38435:Jared Goff","39577-38435","QB","Jared","Jared Goff","Goff","16.342857360839844","7","8000","CIN@LAR","LAR","CIN","","","","",""
"","","","","","","","","","","39577-64119:Chris Carson","39577-64119","RB","Chris","Chris Carson","Carson","14.400000435965401","7","8000","SEA@ATL","SEA","ATL","","","","",""
"","","","","","","","","","","39577-6498:Tom Brady","39577-6498","QB","Tom","Tom Brady","Brady","19.425713675362722","7","7900","CLE@NE","NE","CLE","","","","",""
"","","","","","","","","","","39577-14190:Julio Jones","39577-14190","WR","Julio","Julio Jones","Jones","14.299999782017299","7","7800","SEA@ATL","ATL","SEA","","","","",""
"","","","","","","","","","","39577-79970:Cooper Kupp","39577-79970","WR","Cooper","Cooper Kupp","Kupp","15.299999782017299","7","7700","CIN@LAR","LAR","CIN","","","","",""
"","","","","","","","","","","39577-53562:Nick Chubb","39577-53562","RB","Nick","Nick Chubb","Chubb","19.583333333333332","6","7700","CLE@NE","CLE","NE","","","","",""
"","","","","","","","","","","39577-6654:Matthew Stafford","39577-6654","QB","Matthew","Matthew Stafford","Stafford","20.22333272298177","6","7700","NYG@DET","DET","NYG","","","","",""
"","","","","","","","","","","39577-52922:Leonard Fournette","39577-52922","RB","Leonard","Leonard Fournette","Fournette","15.685714721679688","7","7700","NYJ@JAC","JAC","NYJ","","","","",""
"","","","","","","","","","","39577-62239:Josh Allen","39577-62239","QB","Josh","Josh Allen","Allen","18.49333318074544","6","7700","PHI@BUF","BUF","PHI","","","","",""
"","","","","","","","","","","39577-6616:Matt Ryan","39577-6616","QB","Matt","Matt Ryan","Ryan","21.314285278320312","7","7600","SEA@ATL","ATL","SEA","O","Ankle","","",""
"","","","","","","","","","","39577-22031:T.Y. Hilton","39577-22031","WR","T.Y.","T.Y. Hilton","Hilton","15.11999969482422","5","7600","DEN@IND","IND","DEN","","","","",""
"","","","","","","","","","","39577-33259:Teddy Bridgewater","39577-33259","QB","Teddy","Teddy Bridgewater","Bridgewater","15.449999491373697","6","7500","ARI@NO","NO","ARI","","","","",""
"","","","","","","","","","","39577-30231:Jacoby Brissett","39577-30231","QB","Jacoby","Jacoby Brissett","Brissett","19.62000020345052","6","7500","DEN@IND","IND","DEN","","","","",""
"","","","","","","","","","","39577-29253:Keenan Allen","39577-29253","WR","Keenan","Keenan Allen","Allen","13.814285278320312","7","7500","LAC@CHI","LAC","CHI","Q","Hamstring","","",""
"","","","","","","","","","","39577-14185:Cam Newton","39577-14185","QB","Cam","Cam Newton","Newton","8.84000015258789","2","7500","CAR@SF","CAR","SF","O","Foot","","",""
"","","","","","","","","","","39577-63589:Sam Darnold","39577-63589","QB","Sam","Sam Darnold","Darnold","10.319999694824219","3","7400","NYJ@JAC","NYJ","JAC","","","","",""
"","","","","","","","","","","39577-24849:Jameis Winston","39577-24849","QB","Jameis","Jameis Winston","Winston","19.106666564941406","6","7400","TB@TEN","TB","TEN","","","","",""
"","","","","","","","","","","39577-54604:Jimmy Garoppolo","39577-54604","QB","Jimmy","Jimmy Garoppolo","Garoppolo","13.593332926432291","6","7400","CAR@SF","SF","CAR","","","","",""
"","","","","","","","","","","39577-31360:Odell Beckham Jr.","39577-31360","WR","Odell","Odell Beckham Jr.","Beckham Jr.","10.733333587646484","6","7400","CLE@NE","CLE","NE","","","","",""
"","","","","","","","","","","39577-32384:Mike Evans","39577-32384","WR","Mike","Mike Evans","Evans","14.316666920979818","6","7400","TB@TEN","TB","TEN","","","","",""
"","","","","","","","","","","39577-70324:Carson Wentz","39577-70324","QB","Carson","Carson Wentz","Wentz","18.194285801478795","7","7400","PHI@BUF","PHI","BUF","","","","",""
"","","","","","","","","","","39577-30447:Todd Gurley II","39577-30447","RB","Todd","Todd Gurley II","Gurley II","13.449999491373697","6","7400","CIN@LAR","LAR","CIN","","","","",""
"","","","","","","","","","","39577-63484:Kyler Murray","39577-63484","QB","Kyler","Kyler Murray","Murray","19.617143903459823","7","7400","ARI@NO","ARI","NO","","","","",""
"","","","","","","","","","","39577-41535:Baker Mayfield","39577-41535","QB","Baker","Baker Mayfield","Mayfield","13.056666056315104","6","7300","CLE@NE","CLE","NE","","","","",""
"","","","","","","","","","","39577-7968:Philip Rivers","39577-7968","QB","Philip","Philip Rivers","Rivers","17.27999986921038","7","7300","LAC@CHI","LAC","CHI","","","","",""
"","","","","","","","","","","39577-72731:Josh Jacobs","39577-72731","RB","Josh","Josh Jacobs","Jacobs","15.433333079020182","6","7200","OAK@HOU","OAK","HOU","Q","Shoulder","","",""
"","","","","","","","","","","39577-6504:Drew Brees","39577-6504","QB","Drew","Drew Brees","Brees","11.15999984741211","2","7200","ARI@NO","NO","ARI","Q","Thumb","","",""
"","","","","","","","","","","39577-27050:Tyler Lockett","39577-27050","WR","Tyler","Tyler Lockett","Lockett","13.528570992606026","7","7200","SEA@ATL","SEA","ATL","","","","",""
"","","","","","","","","","","39577-14187:A.J. Green","39577-14187","WR","A.J.","A.J. Green","Green","14.044444613986546","9","7100","CIN@LAR","CIN","LAR","O","Ankle","","",""
"","","","","","","","","","","39577-28643:Allen Robinson II","39577-28643","WR","Allen","Allen Robinson II","Robinson II","14.15000025431315","6","7100","LAC@CHI","CHI","LAC","","","","",""
"","","","","","","","","","","39577-63519:Daniel Jones","39577-63519","QB","Daniel","Daniel Jones","Jones","13.143333435058594","6","7000","NYG@DET","NYG","DET","","","","",""
"","","","","","","","","","","39577-28181:Le'Veon Bell","39577-28181","RB","Le'Veon","Le'Veon Bell","Bell","12.766666412353516","6","7000","NYJ@JAC","NYJ","JAC","","","","",""
"","","","","","","","","","","39577-53095:Kyle Allen","39577-53095","QB","Kyle","Kyle Allen","Allen","14.15999984741211","4","7000","CAR@SF","CAR","SF","","","","",""
"","","","","","","","","","","39577-29685:Robert Woods","39577-29685","WR","Robert","Robert Woods","Woods","10.571428571428571","7","7000","CIN@LAR","LAR","CIN","","","","",""
"","","","","","","","","","","39577-61798:Gardner Minshew II","39577-61798","QB","Gardner","Gardner Minshew II","Minshew II","16.74000004359654","7","6900","NYJ@JAC","JAC","NYJ","","","","",""
"","","","","","","","","","","39577-39280:Derrick Henry","39577-39280","RB","Derrick","Derrick Henry","Henry","14.585714067731585","7","6900","TB@TEN","TEN","TB","","","","",""
"","","","","","","","","","","39577-21948:Ryan Tannehill","39577-21948","QB","Ryan","Ryan Tannehill","Tannehill","8.446666717529297","3","6900","TB@TEN","TEN","TB","","","","",""
"","","","","","","","","","","39577-45859:Derek Carr","39577-45859","QB","Derek","Derek Carr","Carr","13.516666412353516","6","6900","OAK@HOU","OAK","HOU","","","","",""
"","","","","","","","","","","39577-29501:Brandin Cooks","39577-29501","WR","Brandin","Brandin Cooks","Cooks","9.257143293108259","7","6900","CIN@LAR","LAR","CIN","","","","",""
"","","","","","","","","","","39577-39793:George Kittle","39577-39793","TE","George","George Kittle","Kittle","10.40000025431315","6","6900","CAR@SF","SF","CAR","","","","",""
"","","","","","","","","","","39577-14225:Andy Dalton","39577-14225","QB","Andy","Andy Dalton","Dalton","16.85999952043806","7","6900","CIN@LAR","CIN","LAR","","","","",""
"","","","","","","","","","","39577-62497:David Johnson","39577-62497","RB","David","David Johnson","Johnson","15.214285714285714","7","6800","ARI@NO","ARI","NO","Q","Ankle","","",""
"","","","","","","","","","","39577-80001:Austin Ekeler","39577-80001","RB","Austin","Austin Ekeler","Ekeler","19.442858014787948","7","6800","LAC@CHI","LAC","CHI","","","","",""
"","","","","","","","","","","39577-25011:Darren Waller","39577-25011","TE","Darren","Darren Waller","Waller","13.866666158040365","6","6800","OAK@HOU","OAK","HOU","","","","",""
"","","","","","","","","","","39577-57909:Marlon Mack","39577-57909","RB","Marlon","Marlon Mack","Mack","12.633333841959635","6","6800","DEN@IND","IND","DEN","","","","",""
"","","","","","","","","","","39577-63806:Kerryon Johnson","39577-63806","RB","Kerryon","Kerryon Johnson","Johnson","10.65000025431315","6","6700","NYG@DET","DET","NYG","IR","Knee","","",""
"","","","","","","","","","","39577-38628:Mitchell Trubisky","39577-38628","QB","Mitchell","Mitchell Trubisky","Trubisky","11.131999969482422","5","6700","LAC@CHI","CHI","LAC","","","","",""
"","","","","","","","","","","39577-40845:Hunter Henry","39577-40845","TE","Hunter","Hunter Henry","Henry","15.566666920979818","3","6700","LAC@CHI","LAC","CHI","","","","",""
"","","","","","","","","","","39577-54244:Kenny Golladay","39577-54244","WR","Kenny","Kenny Golladay","Golladay","12.5","6","6700","NYG@DET","DET","NYG","","","","",""
"","","","","","","","","","","39577-40126:Austin Hooper","39577-40126","TE","Austin","Austin Hooper","Hooper","14.514285496303014","7","6600","SEA@ATL","ATL","SEA","","","","",""
"","","","","","","","","","","39577-73048:DK Metcalf","39577-73048","WR","DK","DK Metcalf","Metcalf","8.47142846243722","7","6600","SEA@ATL","SEA","ATL","","","","",""
"","","","","","","","","","","39577-21980:Alshon Jeffery","39577-21980","WR","Alshon","Alshon Jeffery","Jeffery","12.5","5","6600","PHI@BUF","PHI","BUF","","","","",""
"","","","","","","","","","","39577-6679:Matt Schaub","39577-6679","QB","Matt","Matt Schaub","Schaub","6.5","1","6600","SEA@ATL","ATL","SEA","","","","",""
"","","","","","","","","","","39577-7859:Julian Edelman","39577-7859","WR","Julian","Julian Edelman","Edelman","12.611428397042411","7","6600","CLE@NE","NE","CLE","Q","Chest","","",""
"","","","","","","","","","","39577-53640:Sony Michel","39577-53640","RB","Sony","Sony Michel","Michel","11.585714067731585","7","6500","CLE@NE","NE","CLE","","","","",""
"","","","","","","","","","","39577-6714:Joe Flacco","39577-6714","QB","Joe","Joe Flacco","Flacco","11.717142377580915","7","6500","DEN@IND","DEN","IND","","","","",""
"","","","","","","","","","","39577-27477:Sterling Shepard","39577-27477","WR","Sterling","Sterling Shepard","Shepard","12.850000381469727","4","6500","NYG@DET","NYG","DET","O","Concussion","","",""
"","","","","","","","","","","39577-28900:Melvin Gordon III","39577-28900","RB","Melvin","Melvin Gordon III","Gordon III","6.666666666666667","3","6400","LAC@CHI","LAC","CHI","","","","",""
"","","","","","","","","","","39577-31394:Jarvis Landry","39577-31394","WR","Jarvis","Jarvis Landry","Landry","9.566666920979818","6","6400","CLE@NE","CLE","NE","","","","",""
"","","","","","","","","","","39577-42028:Will Fuller V","39577-42028","WR","Will","Will Fuller V","Fuller V","11.428571428571429","7","6300","OAK@HOU","HOU","OAK","O","Hamstring","","",""
"","","","","","","","","","","39577-29780:Zach Ertz","39577-29780","TE","Zach","Zach Ertz","Ertz","9.12857164655413","7","6300","PHI@BUF","PHI","BUF","","","","",""
"","","","","","","","","","","39577-41426:Phillip Lindsay","39577-41426","RB","Phillip","Phillip Lindsay","Lindsay","13.085714067731585","7","6300","DEN@IND","DEN","IND","","","","",""
"","","","","","","","","","","39577-6739:DeSean Jackson","39577-6739","WR","DeSean","DeSean Jackson","Jackson","31.399999618530273","1","6300","PHI@BUF","PHI","BUF","O","Abdomen","","",""
"","","","","","","","","","","39577-22103:Marvin Jones Jr.","39577-22103","WR","Marvin","Marvin Jones Jr.","Jones Jr.","14.016666412353516","6","6300","NYG@DET","DET","NYG","","","","",""
"","","","","","","","","","","39577-29358:Marcus Mariota","39577-29358","QB","Marcus","Marcus Mariota","Mariota","14.343332926432291","6","6300","TB@TEN","TEN","TB","","","","",""
"","","","","","","","","","","39577-52917:DJ Chark Jr.","39577-52917","WR","DJ","DJ Chark Jr.","Chark Jr.","15.228571210588727","7","6300","NYJ@JAC","JAC","NYJ","","","","",""
"","","","","","","","","","","39577-41872:Evan Engram","39577-41872","TE","Evan","Evan Engram","Engram","11.233333587646484","6","6300","NYG@DET","NYG","DET","","","","",""
"","","","","","","","","","","39577-27776:Tevin Coleman","39577-27776","RB","Tevin","Tevin Coleman","Coleman","10.625","4","6200","CAR@SF","SF","CAR","","","","",""
"","","","","","","","","","","39577-24920:Devonta Freeman","39577-24920","RB","Devonta","Devonta Freeman","Freeman","11.400000435965401","7","6200","SEA@ATL","ATL","SEA","","","","",""
"","","","","","","","","","","39577-34331:Latavius Murray","39577-34331","RB","Latavius","Latavius Murray","Murray","8.642857142857142","7","6200","ARI@NO","NO","ARI","","","","",""
"","","","","","","","","","","39577-26251:Robby Anderson","39577-26251","WR","Robby","Robby Anderson","Anderson","6.849999745686849","6","6200","NYJ@JAC","NYJ","JAC","","","","",""
"","","","","","","","","","","39577-83081:Chase Edmonds","39577-83081","RB","Chase","Chase Edmonds","Edmonds","10.528570992606026","7","6100","ARI@NO","ARI","NO","","","","",""
"","","","","","","","","","","39577-11485:Golden Tate","39577-11485","WR","Golden","Golden Tate","Tate","11","3","6100","NYG@DET","NYG","DET","","","","",""
"","","","","","","","","","","39577-32234:Malcolm Brown","39577-32234","RB","Malcolm","Malcolm Brown","Brown","4.816666603088379","6","6100","CIN@LAR","LAR","CIN","O","Ankle","","",""
"","","","","","","","","","","39577-28473:Carlos Hyde","39577-28473","RB","Carlos","Carlos Hyde","Hyde","9.614286150251116","7","6100","OAK@HOU","HOU","OAK","","","","",""
"","","","","","","","","","","39577-57299:Gerald Everett","39577-57299","TE","Gerald","Gerald Everett","Everett","7.4571429661342075","7","6100","CIN@LAR","LAR","CIN","","","","",""
"","","","","","","","","","","39577-24607:Chad Kelly","39577-24607","QB","Chad","Chad Kelly","Kelly","-0.10000000149011612","1","6000","DEN@IND","IND","DEN","","","","",""
"","","","","","","","","","","39577-14377:Tyrod Taylor","39577-14377","QB","Tyrod","Tyrod Taylor","Taylor","0.09000000357627869","2","6000","LAC@CHI","LAC","CHI","","","","",""
"","","","","","","","","","","39577-57403:Courtland Sutton","39577-57403","WR","Courtland","Courtland Sutton","Sutton","13.200000217982701","7","6000","DEN@IND","DEN","IND","","","","",""
"","","","","","","","","","","39577-30788:Tyler Bray","39577-30788","QB","Tyler","Tyler Bray","Bray","0","0","6000","LAC@CHI","CHI","LAC","","","","",""
"","","","","","","","","","","39577-52342:Will Grier","39577-52342","QB","Will","Will Grier","Grier","0","0","6000","CAR@SF","CAR","SF","","","","",""
"","","","","","","","","","","39577-83079:Kyle Lauletta","39577-83079","QB","Kyle","Kyle Lauletta","Lauletta","-1.2000000476837158","1","6000","PHI@BUF","PHI","BUF","","","","",""
"","","","","","","","","","","39577-27801:Nate Sudfeld","39577-27801","QB","Nate","Nate Sudfeld","Sudfeld","2.3399999141693115","2","6000","PHI@BUF","PHI","BUF","","","","",""
"","","","","","","","","","","39577-42142:Jordan Howard","39577-42142","RB","Jordan","Jordan Howard","Howard","10.571428571428571","7","6000","PHI@BUF","PHI","BUF","","","","",""
"","","","","","","","","","","39577-57537:DeShone Kizer","39577-57537","QB","DeShone","DeShone Kizer","Kizer","2.4600000381469727","3","6000","OAK@HOU","OAK","HOU","","","","",""
"","","","","","","","","","","39577-45259:Logan Woodside","39577-45259","QB","Logan","Logan Woodside","Woodside","0","0","6000","TB@TEN","TEN","TB","","","","",""
"","","","","","","","","","","39577-52442:Joe Mixon","39577-52442","RB","Joe","Joe Mixon","Mixon","7.828571319580078","7","6000","CIN@LAR","CIN","LAR","","","","",""
"","","","","","","","","","","39577-29915:Brett Hundley","39577-29915","QB","Brett","Brett Hundley","Hundley","0","0","6000","ARI@NO","ARI","NO","","","","",""
"","","","","","","","","","","39577-28930:James White","39577-28930","RB","James","James White","White","9.916666666666666","6","6000","CLE@NE","NE","CLE","","","","",""
"","","","","","","","","","","39577-31047:AJ McCarron","39577-31047","QB","AJ","AJ McCarron","McCarron","0.05999999865889549","2","6000","OAK@HOU","HOU","OAK","","","","",""
"","","","","","","","","","","39577-27986:C.J. Beathard","39577-27986","QB","C.J.","C.J. Beathard","Beathard","16.39600067138672","5","6000","CAR@SF","SF","CAR","","","","",""
"","","","","","","","","","","39577-52606:David Blough","39577-52606","QB","David","David Blough","Blough","0","0","6000","NYG@DET","DET","NYG","","","","",""
"","","","","","","","","","","39577-103824:Easton Stick","39577-103824","QB","Easton","Easton Stick","Stick","0","0","6000","LAC@CHI","LAC","CHI","","","","",""
"","","","","","","","","","","39577-32158:Garrett Gilbert","39577-32158","QB","Garrett","Garrett Gilbert","Gilbert","0","1","6000","CLE@NE","CLE","NE","","","","",""
"","","","","","","","","","","39577-31170:Brandon Allen","39577-31170","QB","Brandon","Brandon Allen","Allen","0","0","6000","DEN@IND","DEN","IND","","","","",""
"","","","","","","","","","","39577-40407:Josh Dobbs","39577-40407","QB","Josh","Josh Dobbs","Dobbs","0.36400001049041747","5","6000","NYJ@JAC","JAC","NYJ","","","","",""
"","","","","","","","","","","39577-45565:Taysom Hill","39577-45565","QB","Taysom","Taysom Hill","Hill","3.817142759050642","7","6000","ARI@NO","NO","ARI","","","","",""
"","","","","","","","","","","39577-34308:Blake Bortles","39577-34308","QB","Blake","Blake Bortles","Bortles","14.170769324669472","13","6000","CIN@LAR","LAR","CIN","","","","",""
"","","","","","","","","","","39577-22027:Nick Foles","39577-22027","QB","Nick","Nick Foles","Foles","7","1","6000","NYJ@JAC","JAC","NYJ","IR","Collarbone","","",""
"","","","","","","","","","","39577-60947:Jarrett Stidham","39577-60947","QB","Jarrett","Jarrett Stidham","Stidham","-0.21333332856496176","3","6000","CLE@NE","NE","CLE","","","","",""
"","","","","","","","","","","39577-23075:Alex Tanney","39577-23075","QB","Alex","Alex Tanney","Tanney","0","0","6000","NYG@DET","NYG","DET","","","","",""
"","","","","","","","","","","39577-30253:Jeff Driskel","39577-30253","QB","Jeff","Jeff Driskel","Driskel","10.890000343322754","8","6000","NYG@DET","DET","NYG","","","","",""
"","","","","","","","","","","39577-64051:Drew Lock","39577-64051","QB","Drew","Drew Lock","Lock","0","0","6000","DEN@IND","DEN","IND","IR","Thumb","","",""
"","","","","","","","","","","39577-7744:Drew Stanton","39577-7744","QB","Drew","Drew Stanton","Stanton","0","0","6000","CLE@NE","CLE","NE","IR","Knee","","",""
"","","","","","","","","","","39577-41562:Nick Mullens","39577-41562","QB","Nick","Nick Mullens","Mullens","16.684999465942383","8","6000","CAR@SF","SF","CAR","","","","",""
"","","","","","","","","","","39577-8803:Chase Daniel","39577-8803","QB","Chase","Chase Daniel","Daniel","13.819999694824219","2","6000","LAC@CHI","CHI","LAC","","","","",""
"","","","","","","","","","","39577-6803:Josh McCown","39577-6803","QB","Josh","Josh McCown","McCown","0.3799999952316284","2","6000","PHI@BUF","PHI","BUF","","","","",""
"","","","","","","","","","","39577-6826:Eli Manning","39577-6826","QB","Eli","Eli Manning","Manning","13.520000457763672","2","6000","NYG@DET","NYG","DET","","","","",""
"","","","","","","","","","","39577-62133:Chase Litton","39577-62133","QB","Chase","Chase Litton","Litton","0","0","6000","NYJ@JAC","JAC","NYJ","","","","",""
"","","","","","","","","","","39577-7872:Brian Hoyer","39577-7872","QB","Brian","Brian Hoyer","Hoyer","-0.10399999618530273","5","6000","DEN@IND","IND","DEN","","","","",""
"","","","","","","","","","","39577-61157:Brett Rypien","39577-61157","QB","Brett","Brett Rypien","Rypien","0","0","6000","DEN@IND","DEN","IND","","","","",""
"","","","","","","","","","","39577-28434:Trevor Siemian","39577-28434","QB","Trevor","Trevor Siemian","Siemian","0.11999999731779099","1","6000","NYJ@JAC","NYJ","JAC","IR","Ankle","","",""
"","","","","","","","","","","39577-46866:Ryan Finley","39577-46866","QB","Ryan","Ryan Finley","Finley","0","0","6000","CIN@LAR","CIN","LAR","","","","",""
"","","","","","","","","","","39577-25410:Mike Glennon","39577-25410","QB","Mike","Mike Glennon","Glennon","5.440000057220459","1","6000","OAK@HOU","OAK","HOU","","","","",""
"","","","","","","","","","","39577-104281:Jake Dolegala","39577-104281","QB","Jake","Jake Dolegala","Dolegala","0","0","6000","CIN@LAR","CIN","LAR","","","","",""
"","","","","","","","","","","39577-14194:Blaine Gabbert","39577-14194","QB","Blaine","Blaine Gabbert","Gabbert","4.630000114440918","8","6000","TB@TEN","TB","TEN","IR","Shoulder","","",""
"","","","","","","","","","","39577-26483:Geno Smith","39577-26483","QB","Geno","Geno Smith","Smith","-0.3700000047683716","4","6000","SEA@ATL","SEA","ATL","","","","",""
"","","","","","","","","","","39577-39795:Davis Webb","39577-39795","QB","Davis","Davis Webb","Webb","0","0","6000","PHI@BUF","BUF","PHI","","","","",""
"","","","","","","","","","","39577-56192:John Wolford","39577-56192","QB","John","John Wolford","Wolford","0","0","6000","CIN@LAR","LAR","CIN","","","","",""
"","","","","","","","","","","39577-29605:Matt Barkley","39577-29605","QB","Matt","Matt Barkley","Barkley","4.079999923706055","1","6000","PHI@BUF","BUF","PHI","","","","",""
"","","","","","","","","","","39577-33702:Ryan Griffin","39577-33702","QB","Ryan","Ryan Griffin","Griffin","0","0","6000","TB@TEN","TB","TEN","","","","",""
"","","","","","","","","","","39577-43956:David Fales","39577-43956","QB","David","David Fales","Fales","0","1","6000","NYJ@JAC","NYJ","JAC","","","","",""
"","","","","","","","","","","39577-38837:Danny Etling","39577-38837","QB","Danny","Danny Etling","Etling","0","0","6000","SEA@ATL","ATL","SEA","","","","",""
"","","","","","","","","","","39577-62535:Tyrell Williams","39577-62535","WR","Tyrell","Tyrell Williams","Williams","13.524999618530273","4","5900","OAK@HOU","OAK","HOU","Q","Foot","","",""
"","","","","","","","","","","39577-54606:John Brown","39577-54606","WR","John","John Brown","Brown","12.699999491373697","6","5900","PHI@BUF","BUF","PHI","","","","",""
"","","","","","","","","","","39577-71845:Miles Sanders","39577-71845","RB","Miles","Miles Sanders","Sanders","8.142857142857142","7","5800","PHI@BUF","PHI","BUF","","","","",""
"","","","","","","","","","","39577-24755:Jamison Crowder","39577-24755","WR","Jamison","Jamison Crowder","Crowder","7.700000127156575","6","5800","NYJ@JAC","NYJ","JAC","","","","",""
"","","","","","","","","","","39577-52613:Curtis Samuel","39577-52613","WR","Curtis","Curtis Samuel","Samuel","10.466666539510092","6","5800","CAR@SF","CAR","SF","","","","",""
"","","","","","","","","","","39577-60910:Dede Westbrook","39577-60910","WR","Dede","Dede Westbrook","Westbrook","8.89999989100865","7","5800","NYJ@JAC","JAC","NYJ","Q","Neck","","",""
"","","","","","","","","","","39577-7761:Jared Cook","39577-7761","TE","Jared","Jared Cook","Cook","6.049999872843425","6","5800","ARI@NO","NO","ARI","O","Ankle","","",""
"","","","","","","","","","","39577-8117:Danny Amendola","39577-8117","WR","Danny","Danny Amendola","Amendola","8.240000152587891","5","5800","NYG@DET","DET","NYG","","","","",""
"","","","","","","","","","","39577-53390:Zach Pascal","39577-53390","WR","Zach","Zach Pascal","Pascal","12.399999618530273","4","5700","DEN@IND","IND","DEN","","","","",""
"","","","","","","","","","","39577-73273:David Montgomery","39577-73273","RB","David","David Montgomery","Montgomery","7.849999745686849","6","5700","LAC@CHI","CHI","LAC","","","","",""
"","","","","","","","","","","39577-55970:Royce Freeman","39577-55970","RB","Royce","Royce Freeman","Freeman","9.728571210588727","7","5700","DEN@IND","DEN","IND","","","","",""
"","","","","","","","","","","39577-27457:Kenny Stills","39577-27457","WR","Kenny","Kenny Stills","Stills","8.55999984741211","5","5700","OAK@HOU","HOU","OAK","","","","",""
"","","","","","","","","","","39577-39829:Mike Williams","39577-39829","WR","Mike","Mike Williams","Williams","7.75","6","5700","LAC@CHI","LAC","CHI","","","","",""
"","","","","","","","","","","39577-40977:Ricky Seals-Jones","39577-40977","TE","Ricky","Ricky Seals-Jones","Seals-Jones","7.449999809265137","4","5600","CLE@NE","CLE","NE","","","","",""
"","","","","","","","","","","39577-63591:Ronald Jones II","39577-63591","RB","Ronald","Ronald Jones II","Jones II","8.59999974568685","6","5600","TB@TEN","TB","TEN","","","","",""
"","","","","","","","","","","39577-25813:Phillip Dorsett II","39577-25813","WR","Phillip","Phillip Dorsett II","Dorsett II","11.88000030517578","5","5600","CLE@NE","NE","CLE","","","","",""
"","","","","","","","","","","39577-60858:Christian Kirk","39577-60858","WR","Christian","Christian Kirk","Kirk","10","4","5600","ARI@NO","ARI","NO","Q","Ankle","","",""
"","","","","","","","","","","39577-70157:Darrell Henderson Jr.","39577-70157","RB","Darrell","Darrell Henderson Jr.","Henderson Jr.","3.2333332697550454","3","5600","CIN@LAR","LAR","CIN","","","","",""
"","","","","","","","","","","39577-23194:Josh Gordon","39577-23194","WR","Josh","Josh Gordon","Gordon","7.466666539510091","6","5600","CLE@NE","NE","CLE","IR","Knee","","",""
"","","","","","","","","","","39577-6840:Frank Gore","39577-6840","RB","Frank","Frank Gore","Gore","9.84999974568685","6","5600","PHI@BUF","BUF","PHI","","","","",""
"","","","","","","","","","","39577-40669:Tyler Boyd","39577-40669","WR","Tyler","Tyler Boyd","Boyd","10.557143075125557","7","5600","CIN@LAR","CIN","LAR","","","","",""
"","","","","","","","","","","39577-22288:Cole Beasley","39577-22288","WR","Cole","Cole Beasley","Beasley","8.549999872843424","6","5600","PHI@BUF","BUF","PHI","","","","",""
"","","","","","","","","","","39577-72846:A.J. Brown","39577-72846","WR","A.J.","A.J. Brown","Brown","7.928571428571429","7","5500","TB@TEN","TEN","TB","","","","",""
"","","","","","","","","","","39577-28907:Alex Erickson","39577-28907","WR","Alex","Alex Erickson","Erickson","4.7999997820172995","7","5500","CIN@LAR","CIN","LAR","","","","",""
"","","","","","","","","","","39577-45439:Corey Davis","39577-45439","WR","Corey","Corey Davis","Davis","7.814285823277065","7","5500","TB@TEN","TEN","TB","","","","",""
"","","","","","","","","","","39577-63043:DJ Moore","39577-63043","WR","DJ","DJ Moore","Moore","10.916666666666666","6","5500","CAR@SF","CAR","SF","","","","",""
"","","","","","","","","","","39577-6914:Greg Olsen","39577-6914","TE","Greg","Greg Olsen","Olsen","8.466666539510092","6","5500","CAR@SF","CAR","SF","","","","",""
"","","","","","","","","","","39577-55336:Chris Herndon","39577-55336","TE","Chris","Chris Herndon","Herndon","6.692856924874442","14","5400","NYJ@JAC","NYJ","JAC","O","Hamstring","","",""
"","","","","","","","","","","39577-64555:Calvin Ridley","39577-64555","WR","Calvin","Calvin Ridley","Ridley","10.82857186453683","7","5400","SEA@ATL","ATL","SEA","","","","",""
"","","","","","","","","","","39577-79974:Tarik Cohen","39577-79974","RB","Tarik","Tarik Cohen","Cohen","6.650000254313151","6","5400","LAC@CHI","CHI","LAC","","","","",""
"","","","","","","","","","","39577-11505:Emmanuel Sanders","39577-11505","WR","Emmanuel","Emmanuel Sanders","Sanders","9.385713849748884","7","5400","CAR@SF","SF","CAR","","","","",""
"","","","","","","","","","","39577-43334:J.D. McKissic","39577-43334","RB","J.D.","J.D. McKissic","McKissic","3.616666793823242","6","5400","NYG@DET","DET","NYG","","","","",""
"","","","","","","","","","","39577-57840:Rashaad Penny","39577-57840","RB","Rashaad","Rashaad Penny","Penny","6.900000254313151","3","5400","SEA@ATL","SEA","ATL","","","","",""
"","","","","","","","","","","39577-25272:Eric Ebron","39577-25272","TE","Eric","Eric Ebron","Ebron","7.516666412353516","6","5400","DEN@IND","IND","DEN","","","","",""
"","","","","","","","","","","39577-6883:Larry Fitzgerald","39577-6883","WR","Larry","Larry Fitzgerald","Fitzgerald","10.557143075125557","7","5400","ARI@NO","ARI","NO","","","","",""
"","","","","","","","","","","39577-64339:Auden Tate","39577-64339","WR","Auden","Auden Tate","Tate","7.933333079020183","6","5400","CIN@LAR","CIN","LAR","","","","",""
"","","","","","","","","","","39577-56262:Parris Campbell","39577-56262","WR","Parris","Parris Campbell","Campbell","3.9749999046325684","4","5400","DEN@IND","IND","DEN","Q","Abdomen","","",""
"","","","","","","","","","","39577-70603:Devin Singletary","39577-70603","RB","Devin","Devin Singletary","Singletary","8.866666793823242","3","5400","PHI@BUF","BUF","PHI","","","","",""
"","","","","","","","","","","39577-71706:T.J. Hockenson","39577-71706","TE","T.J.","T.J. Hockenson","Hockenson","7.150000254313151","6","5300","NYG@DET","DET","NYG","","","","",""
"","","","","","","","","","","39577-53303:Matt Breida","39577-53303","RB","Matt","Matt Breida","Breida","11","6","5300","CAR@SF","SF","CAR","","","","",""
"","","","","","","","","","","39577-63634:Jakobi Meyers","39577-63634","WR","Jakobi","Jakobi Meyers","Meyers","4.6400001525878904","5","5300","CLE@NE","NE","CLE","","","","",""
"","","","","","","","","","","39577-25837:Duke Johnson","39577-25837","RB","Duke","Duke Johnson","Johnson","7.5","7","5300","OAK@HOU","HOU","OAK","","","","",""
"","","","","","","","","","","39577-6627:Ted Ginn Jr.","39577-6627","WR","Ted","Ted Ginn Jr.","Ginn Jr.","6.950000127156575","6","5300","ARI@NO","NO","ARI","","","","",""
"","","","","","","","","","","39577-27338:Rex Burkhead","39577-27338","RB","Rex","Rex Burkhead","Burkhead","8.975000381469727","4","5300","CLE@NE","NE","CLE","Q","Foot","","",""
"","","","","","","","","","","39577-56018:Deebo Samuel","39577-56018","WR","Deebo","Deebo Samuel","Samuel","6.220000076293945","5","5300","CAR@SF","SF","CAR","","","","",""
"","","","","","","","","","","39577-40857:Peyton Barber","39577-40857","RB","Peyton","Peyton Barber","Barber","7.950000127156575","6","5300","TB@TEN","TB","TEN","","","","",""
"","","","","","","","","","","39577-63819:Darius Slayton","39577-63819","WR","Darius","Darius Slayton","Slayton","6.94000015258789","5","5200","NYG@DET","NYG","DET","","","","",""
"","","","","","","","","","","39577-54782:Cameron Brate","39577-54782","TE","Cameron","Cameron Brate","Brate","4.983333269755046","6","5200","TB@TEN","TB","TEN","","","","",""
"","","","","","","","","","","39577-63050:Ty Johnson","39577-63050","RB","Ty","Ty Johnson","Johnson","3.160000038146973","5","5200","NYG@DET","DET","NYG","","","","",""
"","","","","","","","","","","39577-6863:Delanie Walker","39577-6863","TE","Delanie","Delanie Walker","Walker","7.333333333333333","6","5200","TB@TEN","TEN","TB","O","Ankle","","",""
"","","","","","","","","","","39577-24589:Jaron Brown","39577-24589","WR","Jaron","Jaron Brown","Brown","7.5","5","5100","SEA@ATL","SEA","ATL","","","","",""
"","","","","","","","","","","39577-24671:Adam Humphries","39577-24671","WR","Adam","Adam Humphries","Humphries","5.071428571428571","7","5100","TB@TEN","TEN","TB","","","","",""
"","","","","","","","","","","39577-104577:Gunner Olszewski","39577-104577","WR","Gunner","Gunner Olszewski","Olszewski","0.40000001589457196","6","5100","CLE@NE","NE","CLE","Q","Ankle","","",""
"","","","","","","","","","","39577-56698:Dante Pettis","39577-56698","WR","Dante","Dante Pettis","Pettis","3.240000089009603","6","5100","CAR@SF","SF","CAR","","","","",""
"","","","","","","","","","","39577-38301:Darren Fells","39577-38301","TE","Darren","Darren Fells","Fells","6.442856924874442","7","5100","OAK@HOU","HOU","OAK","","","","",""
"","","","","","","","","","","39577-22018:Mohamed Sanu","39577-22018","WR","Mohamed","Mohamed Sanu","Sanu","7.728571210588727","7","5100","CLE@NE","NE","CLE","","","","",""
"","","","","","","","","","","39577-96942:Keelan Doss","39577-96942","WR","Keelan","Keelan Doss","Doss","3.633333206176758","3","5100","OAK@HOU","OAK","HOU","","","","",""
"","","","","","","","","","","39577-30403:Chris Conley","39577-30403","WR","Chris","Chris Conley","Conley","7.014285496303013","7","5100","NYJ@JAC","JAC","NYJ","","","","",""
"","","","","","","","","","","39577-64242:Keke Coutee","39577-64242","WR","Keke","Keke Coutee","Coutee","5.8599998474121096","5","5100","OAK@HOU","HOU","OAK","","","","",""
"","","","","","","","","","","39577-41936:Anthony Miller","39577-41936","WR","Anthony","Anthony Miller","Miller","3.133333206176758","6","5100","LAC@CHI","CHI","LAC","","","","",""
"","","","","","","","","","","39577-29683:Nelson Agholor","39577-29683","WR","Nelson","Nelson Agholor","Agholor","7.7000002179827005","7","5100","PHI@BUF","PHI","BUF","","","","",""
"","","","","","","","","","","39577-28744:Raheem Mostert","39577-28744","RB","Raheem","Raheem Mostert","Mostert","7.540000152587891","5","5000","CAR@SF","SF","CAR","Q","Knee","","",""
"","","","","","","","","","","39577-28827:Dare Ogunbowale","39577-28827","RB","Dare","Dare Ogunbowale","Ogunbowale","4.483333269755046","6","5000","TB@TEN","TB","TEN","","","","",""
"","","","","","","","","","","39577-12538:Los Angeles Rams","39577-12538","D","Los Angeles","Los Angeles Rams","Rams","8.857142857142858","7","5000","CIN@LAR","LAR","CIN","","","","",""
"","","","","","","","","","","39577-12541:New England Patriots","39577-12541","D","New England","New England Patriots","Patriots","21.714285714285715","7","5000","CLE@NE","NE","CLE","","","","",""
"","","","","","","","","","","39577-22898:Brandon Bolden","39577-22898","RB","Brandon","Brandon Bolden","Bolden","6.383333206176758","6","5000","CLE@NE","NE","CLE","","","","",""
"","","","","","","","","","","39577-39286:O.J. Howard","39577-39286","TE","O.J.","O.J. Howard","Howard","4.420000076293945","5","5000","TB@TEN","TB","TEN","O","Hamstring","","",""
"","","","","","","","","","","39577-55689:Ito Smith","39577-55689","RB","Ito","Ito Smith","Smith","4.399999891008649","7","5000","SEA@ATL","ATL","SEA","O","Concussion","","",""
"","","","","","","","","","","39577-32243:Marquise Goodwin","39577-32243","WR","Marquise","Marquise Goodwin","Goodwin","5.183333396911621","6","5000","CAR@SF","SF","CAR","Q","Personal","","",""
"","","","","","","","","","","39577-22065:Rhett Ellison","39577-22065","TE","Rhett","Rhett Ellison","Ellison","3.2714285169328963","7","5000","NYG@DET","NYG","DET","","","","",""
"","","","","","","","","","","39577-39492:Josh Hill","39577-39492","TE","Josh","Josh Hill","Hill","4.016666730244954","6","5000","ARI@NO","NO","ARI","","","","",""
"","","","","","","","","","","39577-7856:Matthew Slater","39577-7856","WR","Matthew","Matthew Slater","Slater","0","0","5000","CLE@NE","NE","CLE","","","","",""
"","","","","","","","","","","39577-33578:Jalen Richard","39577-33578","RB","Jalen","Jalen Richard","Richard","2.316666603088379","6","5000","OAK@HOU","OAK","HOU","","","","",""
"","","","","","","","","","","39577-55165:Justin Jackson","39577-55165","RB","Justin","Justin Jackson","Jackson","6.166666666666667","3","5000","LAC@CHI","LAC","CHI","Q","Calf","","",""
"","","","","","","","","","","39577-63360:Antonio Callaway","39577-63360","WR","Antonio","Antonio Callaway","Callaway","1.600000023841858","2","5000","CLE@NE","CLE","NE","","","","",""
"","","","","","","","","","","39577-39818:Wayne Gallman Jr.","39577-39818","RB","Wayne","Wayne Gallman Jr.","Gallman Jr.","7.819999694824219","5","5000","NYG@DET","NYG","DET","","","","",""
"","","","","","","","","","","39577-72676:Troymaine Pope","39577-72676","RB","Troymaine","Troymaine Pope","Pope","3.4666665395100913","3","5000","LAC@CHI","LAC","CHI","","","","",""
"","","","","","","","","","","39577-14339:Dion Lewis","39577-14339","RB","Dion","Dion Lewis","Lewis","2.6857141767229353","7","4900","TB@TEN","TEN","TB","","","","",""
"","","","","","","","","","","39577-29949:Marvin Hall","39577-29949","WR","Marvin","Marvin Hall","Hall","5.733333587646484","3","4900","NYG@DET","DET","NYG","","","","",""
"","","","","","","","","","","39577-12550:Seattle Seahawks","39577-12550","D","Seattle","Seattle Seahawks","Seahawks","6.714285714285714","7","4900","SEA@ATL","SEA","ATL","","","","",""
"","","","","","","","","","","39577-60712:Foster Moreau","39577-60712","TE","Foster","Foster Moreau","Moreau","6.020000076293945","5","4900","OAK@HOU","OAK","HOU","","","","",""
"","","","","","","","","","","39577-41370:Trevor Davis","39577-41370","WR","Trevor","Trevor Davis","Davis","4.9","5","4900","OAK@HOU","OAK","HOU","","","","",""
"","","","","","","","","","","39577-7870:Ben Watson","39577-7870","TE","Ben","Ben Watson","Watson","3.299999952316284","1","4900","CLE@NE","NE","CLE","","","","",""
"","","","","","","","","","","39577-70372:Chester Rogers","39577-70372","WR","Chester","Chester Rogers","Rogers","3.9200000762939453","5","4900","DEN@IND","IND","DEN","","","","",""
"","","","","","","","","","","39577-14240:Lance Kendricks","39577-14240","TE","Lance","Lance Kendricks","Kendricks","2.1666666666666665","3","4900","LAC@CHI","LAC","CHI","","","","",""
"","","","","","","","","","","39577-39859:Jack Doyle","39577-39859","TE","Jack","Jack Doyle","Doyle","4.899999936421712","6","4900","DEN@IND","IND","DEN","Q","Groin","","",""
"","","","","","","","","","","39577-48116:Jonnu Smith","39577-48116","TE","Jonnu","Jonnu Smith","Smith","3.6000000635782876","6","4900","TB@TEN","TEN","TB","","","","",""
"","","","","","","","","","","39577-57342:Tre'Quan Smith","39577-57342","WR","Tre'Quan","Tre'Quan Smith","Smith","8","2","4900","ARI@NO","NO","ARI","O","Ankle","","",""
"","","","","","","","","","","39577-41042:Marcell Ateman","39577-41042","WR","Marcell","Marcell Ateman","Ateman","4.099999904632568","1","4800","OAK@HOU","OAK","HOU","","","","",""
"","","","","","","","","","","39577-79987:David Moore","39577-79987","WR","David","David Moore","Moore","3.8599998474121096","5","4800","SEA@ATL","SEA","ATL","","","","",""
"","","","","","","","","","","39577-83074:Dallas Goedert","39577-83074","TE","Dallas","Dallas Goedert","Goedert","5.5","6","4800","PHI@BUF","PHI","BUF","","","","",""
"","","","","","","","","","","39577-11432:Demaryius Thomas","39577-11432","WR","Demaryius","Demaryius Thomas","Thomas","5.25","4","4800","NYJ@JAC","NYJ","JAC","","","","",""
"","","","","","","","","","","39577-12535:Indianapolis Colts","39577-12535","D","Indianapolis","Indianapolis Colts","Colts","6","6","4800","DEN@IND","IND","DEN","","","","",""
"","","","","","","","","","","39577-55552:Jeff Wilson Jr.","39577-55552","RB","Jeff","Jeff Wilson Jr.","Wilson Jr.","10.40000025431315","3","4800","CAR@SF","SF","CAR","","","","",""
"","","","","","","","","","","39577-12549:San Francisco 49ers","39577-12549","D","San Francisco","San Francisco 49ers","49ers","14.166666666666666","6","4800","CAR@SF","SF","CAR","","","","",""
"","","","","","","","","","","39577-55609:Ryan Izzo","39577-55609","TE","Ryan","Ryan Izzo","Izzo","5.099999904632568","4","4800","CLE@NE","NE","CLE","O","Concussion","","",""
"","","","","","","","","","","39577-80289:Kendrick Bourne","39577-80289","WR","Kendrick","Kendrick Bourne","Bourne","3.066666603088379","6","4800","CAR@SF","SF","CAR","","","","",""
"","","","","","","","","","","39577-54753:Taylor Gabriel","39577-54753","WR","Taylor","Taylor Gabriel","Gabriel","9.175000190734863","4","4800","LAC@CHI","CHI","LAC","","","","",""
"","","","","","","","","","","39577-28157:Bennie Fowler III","39577-28157","WR","Bennie","Bennie Fowler III","Fowler III","4.679999923706054","5","4800","NYG@DET","NYG","DET","","","","",""
"","","","","","","","","","","39577-52808:Dontrell Hilliard","39577-52808","RB","Dontrell","Dontrell Hilliard","Hilliard","5.849999904632568","4","4800","CLE@NE","CLE","NE","","","","",""
"","","","","","","","","","","39577-30297:Trey Burton","39577-30297","TE","Trey","Trey Burton","Burton","2.660000038146973","5","4800","LAC@CHI","CHI","LAC","","","","",""
"","","","","","","","","","","39577-57986:Hunter Renfrow","39577-57986","WR","Hunter","Hunter Renfrow","Renfrow","3.0833333333333335","6","4800","OAK@HOU","OAK","HOU","","","","",""
"","","","","","","","","","","39577-54007:Jacob Hollister","39577-54007","TE","Jacob","Jacob Hollister","Hollister","3.5","1","4800","SEA@ATL","SEA","ATL","","","","",""
"","","","","","","","","","","39577-41741:DaeSean Hamilton","39577-41741","WR","DaeSean","DaeSean Hamilton","Hamilton","3.220000076293945","5","4800","DEN@IND","DEN","IND","","","","",""
"","","","","","","","","","","39577-40932:Pharoh Cooper","39577-40932","WR","Pharoh","Pharoh Cooper","Cooper","4.166666666666667","3","4800","ARI@NO","ARI","NO","","","","",""
"","","","","","","","","","","39577-30733:Cordarrelle Patterson","39577-30733","WR","Cordarrelle","Cordarrelle Patterson","Patterson","3.183333396911621","6","4700","LAC@CHI","CHI","LAC","","","","",""
"","","","","","","","","","","39577-27771:Cody Latimer","39577-27771","WR","Cody","Cody Latimer","Latimer","3.7400001525878905","5","4700","NYG@DET","NYG","DET","","","","",""
"","","","","","","","","","","39577-84101:Vyncint Smith","39577-84101","WR","Vyncint","Vyncint Smith","Smith","2.9666665395100913","3","4700","NYJ@JAC","NYJ","JAC","","","","",""
"","","","","","","","","","","39577-57543:D'Ernest Johnson","39577-57543","RB","D'Ernest","D'Ernest Johnson","Johnson","3.049999952316284","4","4700","CLE@NE","CLE","NE","","","","",""
"","","","","","","","","","","39577-25267:Mack Hollins","39577-25267","WR","Mack","Mack Hollins","Hollins","2.9166666666666665","6","4700","PHI@BUF","PHI","BUF","","","","",""
"","","","","","","","","","","39577-25290:Giovani Bernard","39577-25290","RB","Giovani","Giovani Bernard","Bernard","3.442857197352818","7","4700","CIN@LAR","CIN","LAR","","","","",""
"","","","","","","","","","","39577-55088:Malik Turner","39577-55088","WR","Malik","Malik Turner","Turner","3.174999952316284","4","4700","SEA@ATL","SEA","ATL","","","","",""
"","","","","","","","","","","39577-41867:Jordan Wilkins","39577-41867","RB","Jordan","Jordan Wilkins","Wilkins","3.4","5","4700","DEN@IND","IND","DEN","","","","",""
"","","","","","","","","","","39577-29645:Javorius Allen","39577-29645","RB","Javorius","Javorius Allen","Allen","6.918181679465554","11","4700","NYG@DET","NYG","DET","","","","",""
"","","","","","","","","","","39577-30678:Damiere Byrd","39577-30678","WR","Damiere","Damiere Byrd","Byrd","4.7","5","4700","ARI@NO","ARI","NO","","","","",""
"","","","","","","","","","","39577-54280:Duke Williams","39577-54280","WR","Duke","Duke Williams","Williams","6.849999904632568","2","4600","PHI@BUF","BUF","PHI","Q","Shoulder","","",""
"","","","","","","","","","","39577-29734:Ty Montgomery","39577-29734","RB","Ty","Ty Montgomery","Montgomery","1.6999999682108562","6","4600","NYJ@JAC","NYJ","JAC","","","","",""
"","","","","","","","","","","39577-64585:Dawson Knox","39577-64585","TE","Dawson","Dawson Knox","Knox","5.116666793823242","6","4600","PHI@BUF","BUF","PHI","","","","",""
"","","","","","","","","","","39577-63625:Nyheim Hines","39577-63625","RB","Nyheim","Nyheim Hines","Hines","4.350000063578288","6","4600","DEN@IND","IND","DEN","","","","",""
"","","","","","","","","","","39577-12534:Tennessee Titans","39577-12534","D","Tennessee","Tennessee Titans","Titans","8.285714285714286","7","4600","TB@TEN","TEN","TB","","","","",""
"","","","","","","","","","","39577-53498:Richie James Jr.","39577-53498","WR","Richie","Richie James Jr.","James Jr.","2.883333206176758","6","4600","CAR@SF","SF","CAR","","","","",""
"","","","","","","","","","","39577-31061:T.J. Yeldon","39577-31061","RB","T.J.","T.J. Yeldon","Yeldon","5.833333333333333","3","4600","PHI@BUF","BUF","PHI","","","","",""
"","","","","","","","","","","39577-47523:Tajae Sharpe","39577-47523","WR","Tajae","Tajae Sharpe","Sharpe","3.6666666666666665","6","4600","TB@TEN","TEN","TB","","","","",""
"","","","","","","","","","","39577-34295:Breshad Perriman","39577-34295","WR","Breshad","Breshad Perriman","Perriman","1.100000023841858","4","4600","TB@TEN","TB","TEN","","","","",""
"","","","","","","","","","","39577-28346:Maxx Williams","39577-28346","TE","Maxx","Maxx Williams","Williams","3.383333206176758","6","4600","ARI@NO","ARI","NO","","","","",""
"","","","","","","","","","","39577-33472:C.J. Prosise","39577-33472","RB","C.J.","C.J. Prosise","Prosise","3.8400001525878906","5","4600","SEA@ATL","SEA","ATL","","","","",""
"","","","","","","","","","","39577-7972:Darren Sproles","39577-7972","RB","Darren","Darren Sproles","Sproles","2.5","5","4600","PHI@BUF","PHI","BUF","O","Quadriceps","","",""
"","","","","","","","","","","39577-57208:KeeSean Johnson","39577-57208","WR","KeeSean","KeeSean Johnson","Johnson","3.6999999455043246","7","4600","ARI@NO","ARI","NO","","","","",""
"","","","","","","","","","","39577-45997:Keith Kirkwood","39577-45997","WR","Keith","Keith Kirkwood","Kirkwood","5.628571646554129","7","4600","ARI@NO","NO","ARI","IR","Hamstring","","",""
"","","","","","","","","","","39577-92168:Damion Willis","39577-92168","WR","Damion","Damion Willis","Willis","2.5399999618530273","5","4500","CIN@LAR","CIN","LAR","","","","",""
"","","","","","","","","","","39577-14358:Dwayne Harris","39577-14358","WR","Dwayne","Dwayne Harris","Harris","0.6000000238418579","2","4500","OAK@HOU","OAK","HOU","","","","",""
"","","","","","","","","","","39577-71705:Noah Fant","39577-71705","TE","Noah","Noah Fant","Fant","3.8428570883614674","7","4500","DEN@IND","DEN","IND","","","","",""
"","","","","","","","","","","39577-14362:Charles Clay","39577-14362","TE","Charles","Charles Clay","Clay","1.5714285714285714","7","4500","ARI@NO","ARI","NO","","","","",""
"","","","","","","","","","","39577-61468:Juwan Foggie","39577-61468","WR","Juwan","Juwan Foggie","Foggie","0","0","4500","PHI@BUF","BUF","PHI","","","","",""
"","","","","","","","","","","39577-70705:Trevon Wesco","39577-70705","TE","Trevon","Trevon Wesco","Wesco","0","0","4500","NYJ@JAC","NYJ","JAC","","","","",""
"","","","","","","","","","","39577-64576:Damien Harris","39577-64576","RB","Damien","Damien Harris","Harris","1.2000000476837158","1","4500","CLE@NE","NE","CLE","","","","",""
"","","","","","","","","","","39577-55366:Qadree Ollison","39577-55366","RB","Qadree","Qadree Ollison","Ollison","0","0","4500","SEA@ATL","ATL","SEA","","","","",""
"","","","","","","","","","","39577-44103:Elijah McGuire","39577-44103","RB","Elijah","Elijah McGuire","McGuire","9.550000190734863","8","4500","CLE@NE","CLE","NE","","","","",""
"","","","","","","","","","","39577-79972:Chad Williams","39577-79972","WR","Chad","Chad Williams","Williams","3.25","10","4500","DEN@IND","IND","DEN","","","","",""
"","","","","","","","","","","39577-79982:Alex Armah","39577-79982","RB","Alex","Alex Armah","Armah","2.125","4","4500","CAR@SF","CAR","SF","","","","",""
"","","","","","","","","","","39577-61555:David Sills V","39577-61555","WR","David","David Sills V","Sills V","0","0","4500","NYG@DET","NYG","DET","","","","",""
"","","","","","","","","","","39577-30837:Jordan Matthews","39577-30837","WR","Jordan","Jordan Matthews","Matthews","4.7272727272727275","11","4500","CAR@SF","SF","CAR","","","","",""
"","","","","","","","","","","39577-52345:Brandon Powell","39577-52345","WR","Brandon","Brandon Powell","Powell","3.133333206176758","6","4500","SEA@ATL","ATL","SEA","","","","",""
"","","","","","","","","","","39577-42107:Robert Foster","39577-42107","WR","Robert","Robert Foster","Foster","0","2","4500","PHI@BUF","BUF","PHI","","","","",""
"","","","","","","","","","","39577-79998:Keelan Cole","39577-79998","WR","Keelan","Keelan Cole","Cole","3.0333334604899087","3","4500","NYJ@JAC","JAC","NYJ","","","","",""
"","","","","","","","","","","39577-83083:Justin Watson","39577-83083","WR","Justin","Justin Watson","Watson","1.7999999523162842","1","4500","TB@TEN","TB","TEN","","","","",""
"","","","","","","","","","","39577-83091:Trenton Cannon","39577-83091","RB","Trenton","Trenton Cannon","Cannon","0","2","4500","NYJ@JAC","NYJ","JAC","O","Foot","","",""
"","","","","","","","","","","39577-62616:Zach Zenner","39577-62616","RB","Zach","Zach Zenner","Zenner","1.2000000476837158","1","4500","ARI@NO","ARI","NO","","","","",""
"","","","","","","","","","","39577-62628:DeAndre Carter","39577-62628","WR","DeAndre","DeAndre Carter","Carter","-0.22857143197740828","7","4500","OAK@HOU","HOU","OAK","","","","",""
"","","","","","","","","","","39577-52391:Jalen Harvey","39577-52391","WR","Jalen","Jalen Harvey","Harvey","0","0","4500","SEA@ATL","SEA","ATL","","","","",""
"","","","","","","","","","","39577-29866:Paul Perkins","39577-29866","RB","Paul","Paul Perkins","Perkins","0","0","4500","NYG@DET","DET","NYG","","","","",""
"","","","","","","","","","","39577-45229:Kareem Hunt","39577-45229","RB","Kareem","Kareem Hunt","Hunt","19.745454268022016","11","4500","CLE@NE","CLE","NE","O","Suspension","","",""
"","","","","","","","","","","39577-52405:Jalen Hurd","39577-52405","WR","Jalen","Jalen Hurd","Hurd","0","0","4500","CAR@SF","SF","CAR","IR","Back","","",""
"","","","","","","","","","","39577-40118:Steven Mitchell Jr.","39577-40118","WR","Steven","Steven Mitchell Jr.","Mitchell Jr.","0","0","4500","OAK@HOU","HOU","OAK","","","","",""
"","","","","","","","","","","39577-52409:Jakob Johnson","39577-52409","RB","Jakob","Jakob Johnson","Johnson","1","1","4500","CLE@NE","NE","CLE","IR","Shoulder","","",""
"","","","","","","","","","","39577-41155:Taquan Mizzell Sr.","39577-41155","WR","Taquan","Taquan Mizzell Sr.","Mizzell Sr.","2.424999952316284","8","4500","ARI@NO","NO","ARI","","","","",""
"","","","","","","","","","","39577-28890:Derek Watt","39577-28890","RB","Derek","Derek Watt","Watt","1","5","4500","LAC@CHI","LAC","CHI","Q","Knee","","",""
"","","","","","","","","","","39577-55514:Buddy Howell","39577-55514","RB","Buddy","Buddy Howell","Howell","0","1","4500","OAK@HOU","HOU","OAK","","","","",""
"","","","","","","","","","","39577-40164:Shelton Gibson","39577-40164","WR","Shelton","Shelton Gibson","Gibson","1.3250000476837158","4","4500","CLE@NE","CLE","NE","","","","",""
"","","","","","","","","","","39577-93413:Terry Wright","39577-93413","WR","Terry","Terry Wright","Wright","0","0","4500","SEA@ATL","SEA","ATL","","","","",""
"","","","","","","","","","","39577-63717:Alec Ingold","39577-63717","RB","Alec","Alec Ingold","Ingold","0.20000000298023224","2","4500","OAK@HOU","OAK","HOU","","","","",""
"","","","","","","","","","","39577-69860:Trayveon Williams","39577-69860","RB","Trayveon","Trayveon Williams","Williams","0","0","4500","CIN@LAR","CIN","LAR","","","","",""
"","","","","","","","","","","39577-64744:Josh Adams","39577-64744","RB","Josh","Josh Adams","Adams","6.533333460489909","12","4500","NYJ@JAC","NYJ","JAC","","","","",""
"","","","","","","","","","","39577-12527:Chicago Bears","39577-12527","D","Chicago","Chicago Bears","Bears","10.333333333333334","6","4500","LAC@CHI","CHI","LAC","","","","",""
"","","","","","","","","","","39577-11504:Andre Roberts","39577-11504","WR","Andre","Andre Roberts","Roberts","0.44999998807907104","4","4500","PHI@BUF","BUF","PHI","","","","",""
"","","","","","","","","","","39577-45299:David Fluellen","39577-45299","RB","David","David Fluellen","Fluellen","0.800000011920929","2","4500","TB@TEN","TEN","TB","IR","Knee","","",""
"","","","","","","","","","","39577-48371:Robert Davis","39577-48371","WR","Robert","Robert Davis","Davis","1.600000023841858","1","4500","PHI@BUF","PHI","BUF","","","","",""
"","","","","","","","","","","39577-12532:Detroit Lions","39577-12532","D","Detroit","Detroit Lions","Lions","6.166666666666667","6","4500","NYG@DET","DET","NYG","","","","",""
"","","","","","","","","","","39577-44280:JoJo Natson","39577-44280","WR","JoJo","JoJo Natson","Natson","0","7","4500","CIN@LAR","LAR","CIN","","","","",""
"","","","","","","","","","","39577-62718:Daniel Brown","39577-62718","TE","Daniel","Daniel Brown","Brown","0","1","4500","NYJ@JAC","NYJ","JAC","","","","",""
"","","","","","","","","","","39577-32000:Luke Willson","39577-32000","TE","Luke","Luke Willson","Willson","1.9249999523162842","4","4500","SEA@ATL","SEA","ATL","","","","",""
"","","","","","","","","","","39577-56580:Christian Blake","39577-56580","WR","Christian","Christian Blake","Blake","0","0","4500","SEA@ATL","ATL","SEA","","","","",""
"","","","","","","","","","","39577-41221:Andre Patton","39577-41221","WR","Andre","Andre Patton","Patton","3.200000047683716","1","4500","LAC@CHI","LAC","CHI","","","","",""
"","","","","","","","","","","39577-12554:Jacksonville Jaguars","39577-12554","D","Jacksonville","Jacksonville Jaguars","Jaguars","7","7","4500","NYJ@JAC","JAC","NYJ","","","","",""
"","","","","","","","","","","39577-52495:Braxton Berrios","39577-52495","WR","Braxton","Braxton Berrios","Berrios","0.4166666666666667","6","4500","NYJ@JAC","NYJ","JAC","Q","Hamstring","","",""
"","","","","","","","","","","39577-64786:Ryquell Armstead","39577-64786","RB","Ryquell","Ryquell Armstead","Armstead","2.720000076293945","5","4500","NYJ@JAC","JAC","NYJ","","","","",""
"","","","","","","","","","","39577-31015:DeAndrew White","39577-31015","WR","DeAndrew","DeAndrew White","White","0","0","4500","CAR@SF","CAR","SF","","","","",""
"","","","","","","","","","","39577-57651:Travis Fulgham","39577-57651","WR","Travis","Travis Fulgham","Fulgham","0","0","4500","NYG@DET","DET","NYG","","","","",""
"","","","","","","","","","","39577-85306:KhaDarel Hodge","39577-85306","WR","KhaDarel","KhaDarel Hodge","Hodge","0.9000000158945719","3","4500","CLE@NE","CLE","NE","","","","",""
"","","","","","","","","","","39577-34125:Geremy Davis","39577-34125","WR","Geremy","Geremy Davis","Davis","2.6500000953674316","2","4500","LAC@CHI","LAC","CHI","","","","",""
"","","","","","","","","","","39577-41305:Zay Jones","39577-41305","WR","Zay","Zay Jones","Jones","2.5999999046325684","4","4500","OAK@HOU","OAK","HOU","","","","",""
"","","","","","","","","","","39577-40298:Derrick Willies","39577-40298","WR","Derrick","Derrick Willies","Willies","7.599999904632568","1","4500","CLE@NE","CLE","NE","","","","",""
"","","","","","","","","","","39577-14704:Chris Hogan","39577-14704","WR","Chris","Chris Hogan","Hogan","0.9750000238418579","4","4500","CAR@SF","CAR","SF","IR","Knee","","",""
"","","","","","","","","","","39577-33137:Justin Hardy","39577-33137","WR","Justin","Justin Hardy","Hardy","2.220000076293945","5","4500","SEA@ATL","ATL","SEA","","","","",""
"","","","","","","","","","","39577-71031:Lil'Jordan Humphrey","39577-71031","WR","Lil'Jordan","Lil'Jordan Humphrey","Humphrey","0","1","4500","ARI@NO","NO","ARI","","","","",""
"","","","","","","","","","","39577-63869:Parker Baldwin","39577-63869","WR","Parker","Parker Baldwin","Baldwin","0","0","4500","SEA@ATL","ATL","SEA","","","","",""
"","","","","","","","","","","39577-53639:Isaiah McKenzie","39577-53639","WR","Isaiah","Isaiah McKenzie","McKenzie","5.525000095367432","4","4500","PHI@BUF","BUF","PHI","","","","",""
"","","","","","","","","","","39577-64907:JJ Arcega-Whiteside","39577-64907","WR","JJ","JJ Arcega-Whiteside","Arcega-Whiteside","1.2000000476837158","2","4500","PHI@BUF","PHI","BUF","","","","",""
"","","","","","","","","","","39577-55694:Mike Thomas","39577-55694","WR","Mike","Mike Thomas","Thomas","0","1","4500","CIN@LAR","LAR","CIN","","","","",""
"","","","","","","","","","","39577-28055:Amara Darboh","39577-28055","WR","Amara","Amara Darboh","Darboh","0","0","4500","TB@TEN","TB","TEN","","","","",""
"","","","","","","","","","","39577-43416:Trent Taylor","39577-43416","WR","Trent","Trent Taylor","Taylor","3.269230769230769","13","4500","CAR@SF","SF","CAR","IR","Foot","","",""
"","","","","","","","","","","39577-80281:C.J. Board","39577-80281","WR","C.J.","C.J. Board","Board","0","0","4500","NYJ@JAC","JAC","NYJ","","","","",""
"","","","","","","","","","","39577-41371:Khalfani Muhammad","39577-41371","RB","Khalfani","Khalfani Muhammad","Muhammad","0","0","4500","DEN@IND","DEN","IND","","","","",""
"","","","","","","","","","","39577-43433:Boston Scott","39577-43433","RB","Boston","Boston Scott","Scott","3.5999999046325684","2","4500","PHI@BUF","PHI","BUF","","","","",""
"","","","","","","","","","","39577-32185:Zach Line","39577-32185","RB","Zach","Zach Line","Line","0.699999988079071","4","4500","ARI@NO","NO","ARI","","","","",""
"","","","","","","","","","","39577-60861:Damion Ratley","39577-60861","WR","Damion","Damion Ratley","Ratley","2.8600000381469726","5","4500","CLE@NE","CLE","NE","","","","",""
"","","","","","","","","","","39577-55750:Chris Lacy","39577-55750","WR","Chris","Chris Lacy","Lacy","0","1","4500","NYG@DET","DET","NYG","","","","",""
"","","","","","","","","","","39577-31184:Jonathan Williams","39577-31184","RB","Jonathan","Jonathan Williams","Williams","0.20000000794728598","3","4500","DEN@IND","IND","DEN","","","","",""
"","","","","","","","","","","39577-103896:Nsimba Webster","39577-103896","WR","Nsimba","Nsimba Webster","Webster","0","0","4500","CIN@LAR","LAR","CIN","","","","",""
"","","","","","","","","","","39577-14820:Nick Bellore","39577-14820","RB","Nick","Nick Bellore","Bellore","2.5","1","4500","SEA@ATL","SEA","ATL","","","","",""
"","","","","","","","","","","39577-40434:Greg Ward","39577-40434","WR","Greg","Greg Ward","Ward","0","0","4500","PHI@BUF","PHI","BUF","","","","",""
"","","","","","","","","","","39577-29183:D.J. Foster","39577-29183","RB","D.J.","D.J. Foster","Foster","0","0","4500","ARI@NO","ARI","NO","O","Hamstring","","",""
"","","","","","","","","","","39577-39428:Kyle Juszczyk","39577-39428","RB","Kyle","Kyle Juszczyk","Juszczyk","3.7333332697550454","3","4500","CAR@SF","SF","CAR","O","Knee - mcl","","",""
"","","","","","","","","","","39577-22035:Travis Benjamin","39577-22035","WR","Travis","Travis Benjamin","Benjamin","1.2","5","4500","LAC@CHI","LAC","CHI","IR","Quadriceps","","",""
"","","","","","","","","","","39577-54817:Diontae Spencer","39577-54817","WR","Diontae","Diontae Spencer","Spencer","0.5333333412806193","6","4500","DEN@IND","DEN","IND","","","","",""
"","","","","","","","","","","39577-22054:Jarius Wright","39577-22054","WR","Jarius","Jarius Wright","Wright","3.2999998728434243","6","4500","CAR@SF","CAR","SF","","","","",""
"","","","","","","","","","","39577-33320:Senorise Perry","39577-33320","RB","Senorise","Senorise Perry","Perry","0","6","4500","PHI@BUF","BUF","PHI","","","","",""
"","","","","","","","","","","39577-52776:Marcus Green","39577-52776","WR","Marcus","Marcus Green","Green","0","0","4500","PHI@BUF","PHI","BUF","","","","",""
"","","","","","","","","","","39577-103992:Emmanuel Butler","39577-103992","WR","Emmanuel","Emmanuel Butler","Butler","0","0","4500","ARI@NO","NO","ARI","","","","",""
"","","","","","","","","","","39577-103996:Reggie White Jr.","39577-103996","WR","Reggie","Reggie White Jr.","White Jr.","0","0","4500","NYG@DET","NYG","DET","","","","",""
"","","","","","","","","","","39577-103998:Thomas Ives","39577-103998","WR","Thomas","Thomas Ives","Ives","0","0","4500","LAC@CHI","CHI","LAC","","","","",""
"","","","","","","","","","","39577-12872:James Develin","39577-12872","RB","James","James Develin","Develin","0.30000001192092896","1","4500","CLE@NE","NE","CLE","IR","Neck","","",""
"","","","","","","","","","","39577-104008:Stephen Carlson","39577-104008","TE","Stephen","Stephen Carlson","Carlson","0","0","4500","CLE@NE","CLE","NE","","","","",""
"","","","","","","","","","","39577-104012:Ashton Dulin","39577-104012","WR","Ashton","Ashton Dulin","Dulin","0","0","4500","DEN@IND","IND","DEN","","","","",""
"","","","","","","","","","","39577-63061:Gary Jennings","39577-63061","WR","Gary","Gary Jennings","Jennings","0","0","4500","SEA@ATL","SEA","ATL","","","","",""
"","","","","","","","","","","39577-62042:Deon Cain","39577-62042","WR","Deon","Deon Cain","Cain","1.4399999618530273","5","4500","DEN@IND","IND","DEN","","","","",""
"","","","","","","","","","","39577-31329:Russell Shepard","39577-31329","WR","Russell","Russell Shepard","Shepard","2","2","4500","NYG@DET","NYG","DET","IR","Foot","","",""
"","","","","","","","","","","39577-54885:Artavis Scott","39577-54885","WR","Artavis","Artavis Scott","Scott","0","0","4500","LAC@CHI","LAC","CHI","","","","",""
"","","","","","","","","","","39577-38523:Geoff Swaim","39577-38523","TE","Geoff","Geoff Swaim","Swaim","2.1666666666666665","6","4500","NYJ@JAC","JAC","NYJ","IR","Concussion","","",""
"","","","","","","","","","","39577-61060:Devine Ozigbo","39577-61060","RB","Devine","Devine Ozigbo","Ozigbo","0","0","4500","NYJ@JAC","JAC","NYJ","","","","",""
"","","","","","","","","","","39577-27273:Andy Janovich","39577-27273","RB","Andy","Andy Janovich","Janovich","2","2","4500","DEN@IND","DEN","IND","","","","",""
"","","","","","","","","","","39577-61072:Stanley Morgan","39577-61072","WR","Stanley","Stanley Morgan","Morgan","1.100000023841858","1","4500","CIN@LAR","CIN","LAR","","","","",""
"","","","","","","","","","","39577-53913:Cody Hollister","39577-53913","WR","Cody","Cody Hollister","Hollister","0","0","4500","TB@TEN","TEN","TB","","","","",""
"","","","","","","","","","","39577-39580:Devontae Booker","39577-39580","RB","Devontae","Devontae Booker","Booker","0","1","4500","DEN@IND","DEN","IND","","","","",""
"","","","","","","","","","","39577-47780:Taywan Taylor","39577-47780","WR","Taywan","Taywan Taylor","Taylor","0","2","4500","CLE@NE","CLE","NE","","","","",""
"","","","","","","","","","","39577-55976:Ajene Harris","39577-55976","WR","Ajene","Ajene Harris","Harris","0","0","4500","PHI@BUF","PHI","BUF","","","","",""
"","","","","","","","","","","39577-29357:Kenjon Barner","39577-29357","RB","Kenjon","Kenjon Barner","Barner","0.1799999952316284","5","4500","SEA@ATL","ATL","SEA","","","","",""
"","","","","","","","","","","39577-31406:Alfred Blue","39577-31406","RB","Alfred","Alfred Blue","Blue","5.456250190734863","16","4500","NYJ@JAC","JAC","NYJ","IR","Ankle","","",""
"","","","","","","","","","","39577-64175:Hakeem Butler","39577-64175","WR","Hakeem","Hakeem Butler","Butler","0","0","4500","ARI@NO","ARI","NO","IR","Hand","","",""
"","","","","","","","","","","39577-52916:Russell Gage","39577-52916","WR","Russell","Russell Gage","Gage","0.8600000381469727","5","4500","SEA@ATL","ATL","SEA","","","","",""
"","","","","","","","","","","39577-71355:Elijah Holyfield","39577-71355","RB","Elijah","Elijah Holyfield","Holyfield","0","0","4500","CAR@SF","CAR","SF","","","","",""
"","","","","","","","","","","39577-71359:Javon Wims","39577-71359","WR","Javon","Javon Wims","Wims","3.2","5","4500","LAC@CHI","CHI","LAC","","","","",""
"","","","","","","","","","","39577-52931:Elijhaa Penny","39577-52931","RB","Elijhaa","Elijhaa Penny","Penny","1.375","4","4500","NYG@DET","NYG","DET","","","","",""
"","","","","","","","","","","39577-69325:Riley Ridley","39577-69325","WR","Riley","Riley Ridley","Ridley","0","0","4500","LAC@CHI","CHI","LAC","","","","",""
"","","","","","","","","","","39577-53967:Nick Bawden","39577-53967","RB","Nick","Nick Bawden","Bawden","0.7250000238418579","4","4500","NYG@DET","DET","NYG","Q","Foot","","",""
"","","","","","","","","","","39577-64215:Karan Higdon Jr.","39577-64215","RB","Karan","Karan Higdon Jr.","Higdon Jr.","0","0","4500","OAK@HOU","HOU","OAK","","","","",""
"","","","","","","","","","","39577-45791:Rashard Higgins","39577-45791","WR","Rashard","Rashard Higgins","Higgins","5.599999904632568","1","4500","CLE@NE","CLE","NE","","","","",""
"","","","","","","","","","","39577-38624:T.J. Logan","39577-38624","RB","T.J.","T.J. Logan","Logan","0","3","4500","TB@TEN","TB","TEN","","","","",""
"","","","","","","","","","","39577-57064:Ryan Nall","39577-57064","RB","Ryan","Ryan Nall","Nall","0","0","4500","LAC@CHI","CHI","LAC","","","","",""
"","","","","","","","","","","39577-104176:Deonte Harris","39577-104176","WR","Deonte","Deonte Harris","Harris","0.6857143129621234","7","4500","ARI@NO","NO","ARI","","","","",""
"","","","","","","","","","","39577-54010:Brian Hill","39577-54010","RB","Brian","Brian Hill","Hill","3.5","1","4500","SEA@ATL","ATL","SEA","","","","",""
"","","","","","","","","","","39577-56059:Trent Sherfield","39577-56059","WR","Trent","Trent Sherfield","Sherfield","2","5","4500","ARI@NO","ARI","NO","","","","",""
"","","","","","","","","","","39577-47870:Tyler Higbee","39577-47870","TE","Tyler","Tyler Higbee","Higbee","5.116666793823242","6","4500","CIN@LAR","LAR","CIN","","","","",""
"","","","","","","","","","","39577-57091:Tim Patrick","39577-57091","WR","Tim","Tim Patrick","Patrick","4.8700000762939455","10","4500","DEN@IND","DEN","IND","IR","Hand","","",""
"","","","","","","","","","","39577-33557:Tyler Eifert","39577-33557","TE","Tyler","Tyler Eifert","Eifert","3.7571427481515065","7","4500","CIN@LAR","CIN","LAR","","","","",""
"","","","","","","","","","","39577-71444:Travis Homer","39577-71444","RB","Travis","Travis Homer","Homer","0","0","4500","SEA@ATL","SEA","ATL","","","","",""
"","","","","","","","","","","39577-70422:Kalif Raymond","39577-70422","WR","Kalif","Kalif Raymond","Raymond","0","0","4500","TB@TEN","TEN","TB","","","","",""
"","","","","","","","","","","39577-56099:Cullen Gillaspia","39577-56099","RB","Cullen","Cullen Gillaspia","Gillaspia","0","0","4500","OAK@HOU","HOU","OAK","","","","",""
"","","","","","","","","","","39577-31524:Cody Core","39577-31524","WR","Cody","Cody Core","Core","4.300000190734863","1","4500","NYG@DET","NYG","DET","","","","",""
"","","","","","","","","","","39577-82731:Brandon Zylstra","39577-82731","WR","Brandon","Brandon Zylstra","Zylstra","0.5599999904632569","5","4500","CAR@SF","CAR","SF","","","","",""
"","","","","","","","","","","39577-28463:Austin Carr","39577-28463","WR","Austin","Austin Carr","Carr","0","1","4500","ARI@NO","NO","ARI","","","","",""
"","","","","","","","","","","39577-40758:Corey Clement","39577-40758","RB","Corey","Corey Clement","Clement","-2","2","4500","PHI@BUF","PHI","BUF","IR","Shoulder","","",""
"","","","","","","","","","","39577-62271:Logan Tago","39577-62271","WR","Logan","Logan Tago","Tago","0","0","4500","SEA@ATL","SEA","ATL","","","","",""
"","","","","","","","","","","39577-22336:Josh Bellamy","39577-22336","WR","Josh","Josh Bellamy","Bellamy","1.5","2","4500","NYJ@JAC","NYJ","JAC","","","","",""
"","","","","","","","","","","39577-56142:Juwann Winfree","39577-56142","WR","Juwann","Juwann Winfree","Winfree","0","0","4500","DEN@IND","DEN","IND","","","","",""
"","","","","","","","","","","39577-61273:Scotty Miller","39577-61273","WR","Scotty","Scotty Miller","Miller","2.3999999364217124","3","4500","TB@TEN","TB","TEN","","","","",""
"","","","","","","","","","","39577-104282:Wes Hills","39577-104282","RB","Wes","Wes Hills","Hills","0","0","4500","NYG@DET","DET","NYG","","","","",""
"","","","","","","","","","","39577-104284:Bruce Anderson III","39577-104284","RB","Bruce","Bruce Anderson III","Anderson III","0","0","4500","DEN@IND","IND","DEN","","","","",""
"","","","","","","","","","","39577-64350:Jeff Smith","39577-64350","WR","Jeff","Jeff Smith","Smith","0","0","4500","NYJ@JAC","NYJ","JAC","","","","",""
"","","","","","","","","","","39577-32613:DeAndre Washington","39577-32613","RB","DeAndre","DeAndre Washington","Washington","4.466666539510091","6","4500","OAK@HOU","OAK","HOU","","","","",""
"","","","","","","","","","","39577-64357:Michael Walker","39577-64357","WR","Michael","Michael Walker","Walker","0","0","4500","NYJ@JAC","JAC","NYJ","","","","",""
"","","","","","","","","","","39577-104297:Jason Moore","39577-104297","WR","Jason","Jason Moore","Moore","5.300000190734863","1","4500","LAC@CHI","LAC","CHI","","","","",""
"","","","","","","","","","","39577-53097:Josh Reynolds","39577-53097","WR","Josh","Josh Reynolds","Reynolds","0.6285714421953473","7","4500","CIN@LAR","LAR","CIN","","","","",""
"","","","","","","","","","","39577-31602:Fred Brown","39577-31602","WR","Fred","Fred Brown","Brown","0.5","2","4500","DEN@IND","DEN","IND","","","","",""
"","","","","","","","","","","39577-28545:Rod Smith","39577-28545","RB","Rod","Rod Smith","Smith","2.2461539048414965","13","4500","TB@TEN","TEN","TB","","","","",""
"","","","","","","","","","","39577-41857:Dalyn Dawkins","39577-41857","RB","Dalyn","Dalyn Dawkins","Dawkins","0.20000000298023224","1","4500","TB@TEN","TEN","TB","","","","",""
"","","","","","","","","","","39577-19342:Demetrius Harris","39577-19342","TE","Demetrius","Demetrius Harris","Harris","2.0200000762939454","5","4500","CLE@NE","CLE","NE","","","","",""
"","","","","","","","","","","39577-63383:Jordan Scarlett","39577-63383","RB","Jordan","Jordan Scarlett","Scarlett","0","0","4500","CAR@SF","CAR","SF","","","","",""
"","","","","","","","","","","39577-29593:Marqise Lee","39577-29593","WR","Marqise","Marqise Lee","Lee","0.6999999682108561","3","4500","NYJ@JAC","JAC","NYJ","","","","",""
"","","","","","","","","","","39577-25513:Darius Jennings","39577-25513","WR","Darius","Darius Jennings","Jennings","0.45000000794728595","6","4500","TB@TEN","TEN","TB","","","","",""
"","","","","","","","","","","39577-34729:Dwayne Washington","39577-34729","RB","Dwayne","Dwayne Washington","Washington","1.100000023841858","1","4500","ARI@NO","NO","ARI","","","","",""
"","","","","","","","","","","39577-30635:Mike Davis","39577-30635","RB","Mike","Mike Davis","Davis","2.300000031789144","3","4500","LAC@CHI","CHI","LAC","","","","",""
"","","","","","","","","","","39577-69558:Greg Dortch","39577-69558","WR","Greg","Greg Dortch","Dortch","0","0","4500","CAR@SF","CAR","SF","","","","",""
"","","","","","","","","","","39577-55224:Reggie Bonnafon","39577-55224","RB","Reggie","Reggie Bonnafon","Bonnafon","7.25","2","4500","CAR@SF","CAR","SF","","","","",""
"","","","","","","","","","","39577-43961:Tyler Ervin","39577-43961","RB","Tyler","Tyler Ervin","Ervin","0","2","4500","NYJ@JAC","JAC","NYJ","","","","",""
"","","","","","","","","","","39577-103352:Christian Wade","39577-103352","RB","Christian","Christian Wade","Wade","0","0","4500","PHI@BUF","BUF","PHI","","","","",""
"","","","","","","","","","","39577-63419:Andy Isabella","39577-63419","WR","Andy","Andy Isabella","Isabella","0.6800000190734863","5","4500","ARI@NO","ARI","NO","","","","",""
"","","","","","","","","","","39577-61379:Kerrith Whyte Jr.","39577-61379","RB","Kerrith","Kerrith Whyte Jr.","Whyte Jr.","0","0","4500","LAC@CHI","CHI","LAC","","","","",""
"","","","","","","","","","","39577-104388:Tom Kennedy","39577-104388","WR","Tom","Tom Kennedy","Kennedy","0","0","4500","NYG@DET","DET","NYG","","","","",""
"","","","","","","","","","","39577-103366:Valentine Holmes","39577-103366","RB","Valentine","Valentine Holmes","Holmes","0","0","4500","NYJ@JAC","NYJ","JAC","","","","",""
"","","","","","","","","","","39577-65518:John Ursua","39577-65518","WR","John","John Ursua","Ursua","0","0","4500","SEA@ATL","SEA","ATL","","","","",""
"","","","","","","","","","","39577-14319:Taiwan Jones","39577-14319","RB","Taiwan","Taiwan Jones","Jones","0","4","4500","OAK@HOU","HOU","OAK","","","","",""
"","","","","","","","","","","39577-14320:Bilal Powell","39577-14320","RB","Bilal","Bilal Powell","Powell","0.40000001589457196","3","4500","NYJ@JAC","NYJ","JAC","","","","",""
"","","","","","","","","","","39577-64496:Olamide Zaccheaus","39577-64496","WR","Olamide","Olamide Zaccheaus","Zaccheaus","0","0","4500","SEA@ATL","ATL","SEA","","","","",""
"","","","","","","","","","","39577-63479:John Kelly","39577-63479","RB","John","John Kelly","Kelly","0.8999999761581421","1","4500","CIN@LAR","LAR","CIN","","","","",""
"","","","","","","","","","","39577-12542:New Orleans Saints","39577-12542","D","New Orleans","New Orleans Saints","Saints","9.285714285714286","7","4400","ARI@NO","NO","ARI","","","","",""
"","","","","","","","","","","39577-12556:Houston Texans","39577-12556","D","Houston","Houston Texans","Texans","6.571428571428571","7","4400","OAK@HOU","HOU","OAK","","","","",""
"","","","","","","","","","","39577-79967:Adam Shaheen","39577-79967","TE","Adam","Adam Shaheen","Shaheen","2.779999923706055","5","4300","LAC@CHI","CHI","LAC","","","","",""
"","","","","","","","","","","39577-12526:Buffalo Bills","39577-12526","D","Buffalo","Buffalo Bills","Bills","9.166666666666666","6","4300","PHI@BUF","BUF","PHI","","","","",""
"","","","","","","","","","","39577-31207:C.J. Uzomah","39577-31207","TE","C.J.","C.J. Uzomah","Uzomah","2.9600000381469727","5","4300","CIN@LAR","CIN","LAR","","","","",""
"","","","","","","","","","","39577-28487:Jeff Heuerman","39577-28487","TE","Jeff","Jeff Heuerman","Heuerman","3.3999999364217124","3","4300","DEN@IND","DEN","IND","","","","",""
"","","","","","","","","","","39577-57338:Jordan Akins","39577-57338","TE","Jordan","Jordan Akins","Akins","5.828571319580078","7","4300","OAK@HOU","HOU","OAK","","","","",""
"","","","","","","","","","","39577-56711:Drew Sample","39577-56711","TE","Drew","Drew Sample","Sample","1.566666603088379","3","4200","CIN@LAR","CIN","LAR","","","","",""
"","","","","","","","","","","39577-24533:Mo Alie-Cox","39577-24533","TE","Mo","Mo Alie-Cox","Alie-Cox","1.4500000476837158","4","4200","DEN@IND","IND","DEN","","","","",""
"","","","","","","","","","","39577-12548:Los Angeles Chargers","39577-12548","D","Los Angeles","Los Angeles Chargers","Chargers","6.571428571428571","7","4100","LAC@CHI","LAC","CHI","","","","",""
"","","","","","","","","","","39577-14348:Lee Smith","39577-14348","TE","Lee","Lee Smith","Smith","2.5","4","4000","PHI@BUF","BUF","PHI","","","","",""
"","","","","","","","","","","39577-28694:Jesse James","39577-28694","TE","Jesse","Jesse James","James","1.6000000635782878","6","4000","NYG@DET","DET","NYG","","","","",""
"","","","","","","","","","","39577-27672:Matt LaCosse","39577-27672","TE","Matt","Matt LaCosse","LaCosse","3.5","2","4000","CLE@NE","NE","CLE","O","Knee - mcl","","",""
"","","","","","","","","","","39577-29725:Levine Toilolo","39577-29725","TE","Levine","Levine Toilolo","Toilolo","1","2","4000","CAR@SF","SF","CAR","Q","Groin","","",""
"","","","","","","","","","","39577-62505:MyCole Pruitt","39577-62505","TE","MyCole","MyCole Pruitt","Pruitt","0","1","4000","TB@TEN","TEN","TB","","","","",""
"","","","","","","","","","","39577-14394:Virgil Green","39577-14394","TE","Virgil","Virgil Green","Green","1.3399999618530274","5","4000","LAC@CHI","LAC","CHI","","","","",""
"","","","","","","","","","","39577-71767:Caleb Wilson","39577-71767","TE","Caleb","Caleb Wilson","Wilson","0","0","4000","ARI@NO","ARI","NO","","","","",""
"","","","","","","","","","","39577-79980:Eric Saubert","39577-79980","TE","Eric","Eric Saubert","Saubert","1.4600000381469727","5","4000","OAK@HOU","OAK","HOU","","","","",""
"","","","","","","","","","","39577-71806:Kaden Smith","39577-71806","TE","Kaden","Kaden Smith","Smith","0","0","4000","NYG@DET","NYG","DET","","","","",""
"","","","","","","","","","","39577-58499:Parker Hesse","39577-58499","TE","Parker","Parker Hesse","Hesse","0","0","4000","TB@TEN","TEN","TB","","","","",""
"","","","","","","","","","","39577-80011:Antony Auclair","39577-80011","TE","Antony","Antony Auclair","Auclair","0","1","4000","TB@TEN","TB","TEN","","","","",""
"","","","","","","","","","","39577-54426:Andrew Beck","39577-54426","TE","Andrew","Andrew Beck","Beck","0.5","3","4000","DEN@IND","DEN","IND","","","","",""
"","","","","","","","","","","39577-83117:Tanner Hudson","39577-83117","TE","Tanner","Tanner Hudson","Hudson","0","0","4000","TB@TEN","TB","TEN","","","","",""
"","","","","","","","","","","39577-32957:Eric Tomlinson","39577-32957","TE","Eric","Eric Tomlinson","Tomlinson","0.6000000238418579","1","4000","CLE@NE","NE","CLE","","","","",""
"","","","","","","","","","","39577-83138:Ross Dwelley","39577-83138","TE","Ross","Ross Dwelley","Dwelley","0.699999988079071","2","4000","CAR@SF","SF","CAR","","","","",""
"","","","","","","","","","","39577-52463:Daniel Helm","39577-52463","TE","Daniel","Daniel Helm","Helm","0","0","4000","CAR@SF","SF","CAR","","","","",""
"","","","","","","","","","","39577-12545:Philadelphia Eagles","39577-12545","D","Philadelphia","Philadelphia Eagles","Eagles","7.428571428571429","7","4000","PHI@BUF","PHI","BUF","","","","",""
"","","","","","","","","","","39577-29956:Joshua Perkins","39577-29956","TE","Joshua","Joshua Perkins","Perkins","3.066666603088379","3","4000","PHI@BUF","PHI","BUF","","","","",""
"","","","","","","","","","","39577-34073:Ryan Griffin","39577-34073","TE","Ryan","Ryan Griffin","Griffin","2.5166667302449546","6","4000","NYJ@JAC","NYJ","JAC","","","","",""
"","","","","","","","","","","39577-25957:J.P. Holtz","39577-25957","TE","J.P.","J.P. Holtz","Holtz","1.649999976158142","2","4000","LAC@CHI","CHI","LAC","","","","",""
"","","","","","","","","","","39577-22920:Derek Carrier","39577-22920","TE","Derek","Derek Carrier","Carrier","3.7333332697550454","3","4000","OAK@HOU","OAK","HOU","","","","",""
"","","","","","","","","","","39577-63907:Josh Oliver","39577-63907","TE","Josh","Josh Oliver","Oliver","0","0","4000","NYJ@JAC","JAC","NYJ","","","","",""
"","","","","","","","","","","39577-80294:Anthony Firkser","39577-80294","TE","Anthony","Anthony Firkser","Firkser","3.0999999046325684","2","4000","TB@TEN","TEN","TB","","","","",""
"","","","","","","","","","","39577-40371:Johnny Mundt","39577-40371","TE","Johnny","Johnny Mundt","Mundt","0","1","4000","CIN@LAR","LAR","CIN","","","","",""
"","","","","","","","","","","39577-26038:Tyler Kroft","39577-26038","TE","Tyler","Tyler Kroft","Kroft","1.1199999809265138","5","4000","PHI@BUF","BUF","PHI","","","","",""
"","","","","","","","","","","39577-47551:Mason Schreck","39577-47551","TE","Mason","Mason Schreck","Schreck","0","0","4000","CIN@LAR","CIN","LAR","","","","",""
"","","","","","","","","","","39577-84440:Jaeden Graham","39577-84440","TE","Jaeden","Jaeden Graham","Graham","2.5999999046325684","1","4000","SEA@ATL","ATL","SEA","","","","",""
"","","","","","","","","","","39577-27117:Sean Culkin","39577-27117","TE","Sean","Sean Culkin","Culkin","0.8500000238418579","2","4000","LAC@CHI","LAC","CHI","IR","Achilles","","",""
"","","","","","","","","","","39577-41469:Darrell Daniels","39577-41469","TE","Darrell","Darrell Daniels","Daniels","0","2","4000","ARI@NO","ARI","NO","","","","",""
"","","","","","","","","","","39577-52795:Charles Jones","39577-52795","TE","Charles","Charles Jones","Jones","0","0","4000","NYJ@JAC","JAC","NYJ","","","","",""
"","","","","","","","","","","39577-55895:Kendall Blanton","39577-55895","TE","Kendall","Kendall Blanton","Blanton","0","0","4000","CIN@LAR","LAR","CIN","","","","",""
"","","","","","","","","","","39577-18009:Chris Manhertz","39577-18009","TE","Chris","Chris Manhertz","Manhertz","4.066666603088379","3","4000","CAR@SF","CAR","SF","","","","",""
"","","","","","","","","","","39577-29277:Stephen Anderson","39577-29277","TE","Stephen","Stephen Anderson","Anderson","0","0","4000","LAC@CHI","LAC","CHI","","","","",""
"","","","","","","","","","","39577-80546:Dan Arnold","39577-80546","TE","Dan","Dan Arnold","Arnold","0","1","4000","ARI@NO","NO","ARI","","","","",""
"","","","","","","","","","","39577-70335:Seth DeValve","39577-70335","TE","Seth","Seth DeValve","DeValve","1.0499999523162842","2","4000","NYJ@JAC","JAC","NYJ","","","","",""
"","","","","","","","","","","39577-70341:Moritz Boehringer","39577-70341","TE","Moritz","Moritz Boehringer","Boehringer","0","0","4000","CIN@LAR","CIN","LAR","","","","",""
"","","","","","","","","","","39577-70342:Temarrick Hemingway","39577-70342","TE","Temarrick","Temarrick Hemingway","Hemingway","0","0","4000","CAR@SF","CAR","SF","","","","",""
"","","","","","","","","","","39577-69326:Isaac Nauta","39577-69326","TE","Isaac","Isaac Nauta","Nauta","0","0","4000","NYG@DET","DET","NYG","","","","",""
"","","","","","","","","","","39577-29411:Pharaoh Brown","39577-29411","TE","Pharaoh","Pharaoh Brown","Brown","1.2333333492279053","3","4000","CLE@NE","CLE","NE","","","","",""
"","","","","","","","","","","39577-26355:Logan Thomas","39577-26355","TE","Logan","Logan Thomas","Thomas","1.7999999523162842","4","4000","NYG@DET","DET","NYG","","","","",""
"","","","","","","","","","","39577-33531:Ben Koyack","39577-33531","TE","Ben","Ben Koyack","Koyack","0","0","4000","NYJ@JAC","JAC","NYJ","","","","",""
"","","","","","","","","","","39577-12055:Logan Paulsen","39577-12055","TE","Logan","Logan Paulsen","Paulsen","2.8000000544956754","7","4000","OAK@HOU","HOU","OAK","","","","",""
"","","","","","","","","","","39577-40746:Troy Fumagalli","39577-40746","TE","Troy","Troy Fumagalli","Fumagalli","1.2000000476837158","1","4000","DEN@IND","DEN","IND","","","","",""
"","","","","","","","","","","39577-55099:Ian Bunting","39577-55099","TE","Ian","Ian Bunting","Bunting","0","0","4000","DEN@IND","IND","DEN","","","","",""
"","","","","","","","","","","39577-38722:Cethan Carter","39577-38722","TE","Cethan","Cethan Carter","Carter","0","0","4000","CIN@LAR","CIN","LAR","","","","",""
"","","","","","","","","","","39577-72515:Ian Thomas","39577-72515","TE","Ian","Ian Thomas","Thomas","0","1","4000","CAR@SF","CAR","SF","","","","",""
"","","","","","","","","","","39577-70489:Ben Braunecker","39577-70489","TE","Ben","Ben Braunecker","Braunecker","3.4000000953674316","1","4000","LAC@CHI","CHI","LAC","","","","",""
"","","","","","","","","","","39577-38753:Jake Butt","39577-38753","TE","Jake","Jake Butt","Butt","4.166666666666667","3","4000","DEN@IND","DEN","IND","IR","Knee","","",""
"","","","","","","","","","","39577-55153:Garrett Dickerson","39577-55153","TE","Garrett","Garrett Dickerson","Dickerson","0","0","4000","NYG@DET","NYG","DET","","","","",""
"","","","","","","","","","","39577-39814:Jordan Leggett","39577-39814","TE","Jordan","Jordan Leggett","Leggett","1.8769230475792518","13","4000","TB@TEN","TB","TEN","","","","",""
"","","","","","","","","","","39577-56212:Tommy Sweeney","39577-56212","TE","Tommy","Tommy Sweeney","Sweeney","1.3250000476837158","4","4000","PHI@BUF","BUF","PHI","","","","",""
"","","","","","","","","","","39577-55209:Nate Becker","39577-55209","TE","Nate","Nate Becker","Becker","0","0","4000","PHI@BUF","BUF","PHI","","","","",""
"","","","","","","","","","","39577-54239:Matt Sokol","39577-54239","TE","Matt","Matt Sokol","Sokol","0","0","4000","LAC@CHI","LAC","CHI","","","","",""
"","","","","","","","","","","39577-14304:Luke Stocker","39577-14304","TE","Luke","Luke Stocker","Stocker","0.8199999809265137","5","4000","SEA@ATL","ATL","SEA","","","","",""
"","","","","","","","","","","39577-104421:Jesper Horsted","39577-104421","TE","Jesper","Jesper Horsted","Horsted","0","0","4000","LAC@CHI","CHI","LAC","","","","",""
"","","","","","","","","","","39577-57325:Jordan Franks","39577-57325","TE","Jordan","Jordan Franks","Franks","1.566666603088379","3","4000","CIN@LAR","CIN","LAR","","","","",""
"","","","","","","","","","","39577-12544:New York Jets","39577-12544","D","New York","New York Jets","Jets","7.5","6","3700","NYJ@JAC","NYJ","JAC","","","","",""
"","","","","","","","","","","39577-12551:Tampa Bay Buccaneers","39577-12551","D","Tampa Bay","Tampa Bay Buccaneers","Buccaneers","7.5","6","3700","TB@TEN","TB","TEN","","","","",""
"","","","","","","","","","","39577-12546:Arizona Cardinals","39577-12546","D","Arizona","Arizona Cardinals","Cardinals","4.285714285714286","7","3500","ARI@NO","ARI","NO","","","","",""
"","","","","","","","","","","39577-12553:Carolina Panthers","39577-12553","D","Carolina","Carolina Panthers","Panthers","12","6","3500","CAR@SF","CAR","SF","","","","",""
"","","","","","","","","","","39577-12531:Denver Broncos","39577-12531","D","Denver","Denver Broncos","Broncos","6","7","3400","DEN@IND","DEN","IND","","","","",""
"","","","","","","","","","","39577-12543:New York Giants","39577-12543","D","New York","New York Giants","Giants","8.142857142857142","7","3400","NYG@DET","NYG","DET","","","","",""
"","","","","","","","","","","39577-12528:Cincinnati Bengals","39577-12528","D","Cincinnati","Cincinnati Bengals","Bengals","3.2857142857142856","7","3100","CIN@LAR","CIN","LAR","","","","",""
"","","","","","","","","","","39577-12537:Oakland Raiders","39577-12537","D","Oakland","Oakland Raiders","Raiders","3.5","6","3100","OAK@HOU","OAK","HOU","","","","",""
"","","","","","","","","","","39577-12525:Atlanta Falcons","39577-12525","D","Atlanta","Atlanta Falcons","Falcons","1","7","3000","SEA@ATL","ATL","SEA","","","","",""
"","","","","","","","","","","39577-12529:Cleveland Browns","39577-12529","D","Cleveland","Cleveland Browns","Browns","6.5","6","3000","CLE@NE","CLE","NE","","","","",""